page_id,drawing_type_candidate,reason_json,rank_within_book,status
ERARA-PHYS-054,drawing_dominant,"[""words=48"", ""orthogonal_lines=96"", ""ink=0.1634"", ""edges=0.1438""]",1,automatic_unverified_candidate
ERARA-PHYS-067,drawing_dominant,"[""words=46"", ""orthogonal_lines=86"", ""ink=0.1051"", ""edges=0.1058""]",2,automatic_unverified_candidate
ERARA-PHYS-036,drawing_dominant,"[""words=17"", ""orthogonal_lines=58"", ""ink=0.0851"", ""edges=0.0680""]",3,automatic_unverified_candidate
ERARA-PHYS-063,drawing_dominant,"[""words=0"", ""orthogonal_lines=53"", ""ink=0.0818"", ""edges=0.0628""]",4,automatic_unverified_candidate
ERARA-PHYS-045,drawing_dominant,"[""words=7"", ""orthogonal_lines=65"", ""ink=0.0794"", ""edges=0.0607""]",5,automatic_unverified_candidate
ERARA-PHYS-021,drawing_dominant,"[""words=5"", ""orthogonal_lines=54"", ""ink=0.0951"", ""edges=0.0591""]",6,automatic_unverified_candidate
ERARA-PHYS-024,drawing_dominant,"[""words=5"", ""orthogonal_lines=44"", ""ink=0.0804"", ""edges=0.0564""]",7,automatic_unverified_candidate
ERARA-PHYS-052,drawing_dominant,"[""words=10"", ""orthogonal_lines=43"", ""ink=0.0671"", ""edges=0.0446""]",8,automatic_unverified_candidate
ERARA-PHYS-061,drawing_dominant,"[""words=1"", ""orthogonal_lines=41"", ""ink=0.0676"", ""edges=0.0401""]",9,automatic_unverified_candidate
ERARA-PHYS-049,drawing_dominant,"[""words=36"", ""orthogonal_lines=46"", ""ink=0.0768"", ""edges=0.0530""]",10,automatic_unverified_candidate
ERARA-PHYS-028,drawing_dominant,"[""words=26"", ""orthogonal_lines=36"", ""ink=0.0704"", ""edges=0.0449""]",11,automatic_unverified_candidate
ERARA-PHYS-029,drawing_dominant,"[""words=7"", ""orthogonal_lines=33"", ""ink=0.0763"", ""edges=0.0511""]",12,automatic_unverified_candidate
ERARA-PHYS-025,drawing_dominant,"[""words=0"", ""orthogonal_lines=33"", ""ink=0.0753"", ""edges=0.0507""]",13,automatic_unverified_candidate
ERARA-PHYS-034,drawing_dominant,"[""words=26"", ""orthogonal_lines=34"", ""ink=0.0625"", ""edges=0.0321""]",14,automatic_unverified_candidate
ERARA-PHYS-027,drawing_dominant,"[""words=0"", ""orthogonal_lines=29"", ""ink=0.0767"", ""edges=0.0304""]",15,automatic_unverified_candidate
ERARA-PHYS-066,drawing_dominant,"[""words=14"", ""orthogonal_lines=26"", ""ink=0.0661"", ""edges=0.0467""]",16,automatic_unverified_candidate
ERARA-PHYS-022,drawing_dominant,"[""words=12"", ""orthogonal_lines=23"", ""ink=0.0596"", ""edges=0.0272""]",17,automatic_unverified_candidate
ERARA-PHYS-043,mixed_text_drawing,"[""words=100"", ""orthogonal_lines=32"", ""ink=0.0750"", ""edges=0.0481""]",18,automatic_unverified_candidate
ERARA-PHYS-038,drawing_dominant,"[""words=1"", ""orthogonal_lines=19"", ""ink=0.0617"", ""edges=0.0304""]",19,automatic_unverified_candidate
ERARA-PHYS-050,drawing_dominant,"[""words=50"", ""orthogonal_lines=23"", ""ink=0.0604"", ""edges=0.0334""]",20,automatic_unverified_candidate
ERARA-PHYS-069,mixed_text_drawing,"[""words=108"", ""orthogonal_lines=30"", ""ink=0.0692"", ""edges=0.0455""]",21,automatic_unverified_candidate
ERARA-PHYS-048,mixed_text_drawing,"[""words=157"", ""orthogonal_lines=67"", ""ink=0.0671"", ""edges=0.0348""]",22,automatic_unverified_candidate
ERARA-PHYS-051,mixed_text_drawing,"[""words=156"", ""orthogonal_lines=50"", ""ink=0.0662"", ""edges=0.0306""]",23,automatic_unverified_candidate
ERARA-PHYS-032,mixed_text_drawing,"[""words=158"", ""orthogonal_lines=33"", ""ink=0.0603"", ""edges=0.0304""]",24,automatic_unverified_candidate
ERARA-PHYS-042,drawing_dominant,"[""words=51"", ""orthogonal_lines=17"", ""ink=0.0586"", ""edges=0.0217""]",25,automatic_unverified_candidate
ERARA-PHYS-031,mixed_text_drawing,"[""words=110"", ""orthogonal_lines=23"", ""ink=0.0636"", ""edges=0.0319""]",26,automatic_unverified_candidate
ERARA-PHYS-033,mixed_text_drawing,"[""words=157"", ""orthogonal_lines=31"", ""ink=0.0649"", ""edges=0.0275""]",27,automatic_unverified_candidate
ERARA-PHYS-040,drawing_dominant,"[""words=52"", ""orthogonal_lines=14"", ""ink=0.0507"", ""edges=0.0180""]",28,automatic_unverified_candidate
ERARA-PHYS-070,mixed_text_drawing,"[""words=172"", ""orthogonal_lines=25"", ""ink=0.0815"", ""edges=0.0516""]",29,automatic_unverified_candidate
ERARA-PHYS-047,mixed_text_drawing,"[""words=135"", ""orthogonal_lines=12"", ""ink=0.0565"", ""edges=0.0183""]",30,automatic_unverified_candidate
ERARA-PHYS-100,drawing_dominant,"[""words=19"", ""orthogonal_lines=101"", ""ink=0.1531"", ""edges=0.1293""]",1,automatic_unverified_candidate
ERARA-PHYS-082,drawing_dominant,"[""words=25"", ""orthogonal_lines=112"", ""ink=0.1834"", ""edges=0.1501""]",2,automatic_unverified_candidate
ERARA-PHYS-107,drawing_dominant,"[""words=11"", ""orthogonal_lines=61"", ""ink=0.1173"", ""edges=0.0920""]",3,automatic_unverified_candidate
ERARA-PHYS-146,drawing_dominant,"[""words=38"", ""orthogonal_lines=80"", ""ink=0.1658"", ""edges=0.0933""]",4,automatic_unverified_candidate
ERARA-PHYS-077,drawing_dominant,"[""words=36"", ""orthogonal_lines=68"", ""ink=0.1332"", ""edges=0.0809""]",5,automatic_unverified_candidate
ERARA-PHYS-102,mixed_text_drawing,"[""words=91"", ""orthogonal_lines=54"", ""ink=0.1415"", ""edges=0.0838""]",6,automatic_unverified_candidate
ERARA-PHYS-085,drawing_dominant,"[""words=51"", ""orthogonal_lines=33"", ""ink=0.0724"", ""edges=0.0472""]",7,automatic_unverified_candidate
ERARA-PHYS-112,drawing_dominant,"[""words=0"", ""orthogonal_lines=28"", ""ink=0.0682"", ""edges=0.0392""]",8,automatic_unverified_candidate
ERARA-PHYS-079,drawing_dominant,"[""words=4"", ""orthogonal_lines=26"", ""ink=0.0677"", ""edges=0.0497""]",9,automatic_unverified_candidate
ERARA-PHYS-111,drawing_dominant,"[""words=45"", ""orthogonal_lines=30"", ""ink=0.0629"", ""edges=0.0295""]",10,automatic_unverified_candidate
ERARA-PHYS-129,mixed_text_drawing,"[""words=118"", ""orthogonal_lines=62"", ""ink=0.0927"", ""edges=0.0556""]",11,automatic_unverified_candidate
ERARA-PHYS-116,mixed_text_drawing,"[""words=160"", ""orthogonal_lines=94"", ""ink=0.1255"", ""edges=0.1069""]",12,automatic_unverified_candidate
ERARA-PHYS-093,mixed_text_drawing,"[""words=56"", ""orthogonal_lines=28"", ""ink=0.0725"", ""edges=0.0476""]",13,automatic_unverified_candidate
ERARA-PHYS-098,mixed_text_drawing,"[""words=85"", ""orthogonal_lines=31"", ""ink=0.0774"", ""edges=0.0597""]",14,automatic_unverified_candidate
ERARA-PHYS-140,mixed_text_drawing,"[""words=146"", ""orthogonal_lines=47"", ""ink=0.0833"", ""edges=0.0686""]",15,automatic_unverified_candidate
ERARA-PHYS-091,mixed_text_drawing,"[""words=61"", ""orthogonal_lines=27"", ""ink=0.0721"", ""edges=0.0467""]",16,automatic_unverified_candidate
ERARA-PHYS-131,mixed_text_drawing,"[""words=144"", ""orthogonal_lines=45"", ""ink=0.0812"", ""edges=0.0593""]",17,automatic_unverified_candidate
ERARA-PHYS-108,mixed_text_drawing,"[""words=94"", ""orthogonal_lines=34"", ""ink=0.0584"", ""edges=0.0247""]",18,automatic_unverified_candidate
ERARA-PHYS-097,mixed_text_drawing,"[""words=114"", ""orthogonal_lines=32"", ""ink=0.0908"", ""edges=0.0642""]",19,automatic_unverified_candidate
ERARA-PHYS-121,mixed_text_drawing,"[""words=149"", ""orthogonal_lines=67"", ""ink=0.0826"", ""edges=0.0571""]",20,automatic_unverified_candidate
ERARA-PHYS-148,mixed_text_drawing,"[""words=152"", ""orthogonal_lines=41"", ""ink=0.0739"", ""edges=0.0570""]",21,automatic_unverified_candidate
ERARA-PHYS-127,mixed_text_drawing,"[""words=153"", ""orthogonal_lines=79"", ""ink=0.0864"", ""edges=0.0543""]",22,automatic_unverified_candidate
ERARA-PHYS-135,mixed_text_drawing,"[""words=133"", ""orthogonal_lines=36"", ""ink=0.0724"", ""edges=0.0434""]",23,automatic_unverified_candidate
ERARA-PHYS-092,mixed_text_drawing,"[""words=138"", ""orthogonal_lines=41"", ""ink=0.0608"", ""edges=0.0298""]",24,automatic_unverified_candidate
ERARA-PHYS-120,mixed_text_drawing,"[""words=179"", ""orthogonal_lines=54"", ""ink=0.0905"", ""edges=0.0696""]",25,automatic_unverified_candidate
ERARA-PHYS-095,mixed_text_drawing,"[""words=76"", ""orthogonal_lines=26"", ""ink=0.0635"", ""edges=0.0276""]",26,automatic_unverified_candidate
ERARA-PHYS-104,drawing_dominant,"[""words=46"", ""orthogonal_lines=18"", ""ink=0.0505"", ""edges=0.0205""]",27,automatic_unverified_candidate
ERARA-PHYS-073,drawing_dominant,"[""words=47"", ""orthogonal_lines=15"", ""ink=0.0608"", ""edges=0.0326""]",28,automatic_unverified_candidate
ERARA-PHYS-103,mixed_text_drawing,"[""words=16"", ""orthogonal_lines=10"", ""ink=0.0539"", ""edges=0.0208""]",29,automatic_unverified_candidate
ERARA-PHYS-081,mixed_text_drawing,"[""words=43"", ""orthogonal_lines=12"", ""ink=0.0585"", ""edges=0.0207""]",30,automatic_unverified_candidate
ERARA-PHYS-114,mixed_text_drawing,"[""words=135"", ""orthogonal_lines=21"", ""ink=0.0769"", ""edges=0.0498""]",31,automatic_unverified_candidate
ERARA-PHYS-089,mixed_text_drawing,"[""words=63"", ""orthogonal_lines=13"", ""ink=0.0558"", ""edges=0.0216""]",32,automatic_unverified_candidate
ERARA-PHYS-087,mixed_text_drawing,"[""words=98"", ""orthogonal_lines=18"", ""ink=0.0596"", ""edges=0.0252""]",33,automatic_unverified_candidate
ERARA-PHYS-128,mixed_text_drawing,"[""words=173"", ""orthogonal_lines=27"", ""ink=0.0691"", ""edges=0.0467""]",34,automatic_unverified_candidate
ERARA-PHYS-110,mixed_text_drawing,"[""words=161"", ""orthogonal_lines=23"", ""ink=0.0608"", ""edges=0.0295""]",35,automatic_unverified_candidate
ERARA-PHYS-142,mixed_text_drawing,"[""words=102"", ""orthogonal_lines=12"", ""ink=0.0575"", ""edges=0.0271""]",36,automatic_unverified_candidate
ERARA-PHYS-153,drawing_dominant,"[""words=44"", ""orthogonal_lines=46"", ""ink=0.2173"", ""edges=0.1716""]",1,automatic_unverified_candidate
ERARA-PHYS-162,drawing_dominant,"[""words=2"", ""orthogonal_lines=36"", ""ink=0.0721"", ""edges=0.0605""]",2,automatic_unverified_candidate
ERARA-PHYS-191,drawing_dominant,"[""words=9"", ""orthogonal_lines=29"", ""ink=0.1091"", ""edges=0.0568""]",3,automatic_unverified_candidate
ERARA-PHYS-186,drawing_dominant,"[""words=6"", ""orthogonal_lines=26"", ""ink=0.0727"", ""edges=0.0604""]",4,automatic_unverified_candidate
ERARA-PHYS-185,mixed_text_drawing,"[""words=118"", ""orthogonal_lines=72"", ""ink=0.0872"", ""edges=0.0678""]",5,automatic_unverified_candidate
ERARA-PHYS-175,drawing_dominant,"[""words=33"", ""orthogonal_lines=25"", ""ink=0.0664"", ""edges=0.0440""]",6,automatic_unverified_candidate
ERARA-PHYS-188,mixed_text_drawing,"[""words=126"", ""orthogonal_lines=35"", ""ink=0.0798"", ""edges=0.0639""]",7,automatic_unverified_candidate
ERARA-PHYS-198,mixed_text_drawing,"[""words=72"", ""orthogonal_lines=29"", ""ink=0.0475"", ""edges=0.0359""]",8,automatic_unverified_candidate
ERARA-PHYS-166,drawing_dominant,"[""words=11"", ""orthogonal_lines=18"", ""ink=0.0541"", ""edges=0.0199""]",9,automatic_unverified_candidate
ERARA-PHYS-181,mixed_text_drawing,"[""words=24"", ""orthogonal_lines=10"", ""ink=0.0556"", ""edges=0.0187""]",10,automatic_unverified_candidate
ERARA-PHYS-192,mixed_text_drawing,"[""words=97"", ""orthogonal_lines=19"", ""ink=0.0614"", ""edges=0.0374""]",11,automatic_unverified_candidate
ERARA-PHYS-156,mixed_text_drawing,"[""words=0"", ""orthogonal_lines=10"", ""ink=0.0519"", ""edges=0.0097""]",12,automatic_unverified_candidate
ERARA-PHYS-194,mixed_text_drawing,"[""words=111"", ""orthogonal_lines=21"", ""ink=0.0607"", ""edges=0.0331""]",13,automatic_unverified_candidate
ERARA-PHYS-200,mixed_text_drawing,"[""words=61"", ""orthogonal_lines=12"", ""ink=0.0520"", ""edges=0.0108""]",14,automatic_unverified_candidate
ERARA-PHYS-178,mixed_text_drawing,"[""words=96"", ""orthogonal_lines=15"", ""ink=0.0568"", ""edges=0.0258""]",15,automatic_unverified_candidate
ERARA-PHYS-179,mixed_text_drawing,"[""words=122"", ""orthogonal_lines=18"", ""ink=0.0591"", ""edges=0.0249""]",16,automatic_unverified_candidate
ERARA-PHYS-293,drawing_dominant,"[""words=27"", ""orthogonal_lines=82"", ""ink=0.1748"", ""edges=0.1181""]",1,automatic_unverified_candidate
ERARA-PHYS-302,drawing_dominant,"[""words=30"", ""orthogonal_lines=135"", ""ink=0.1334"", ""edges=0.1228""]",2,automatic_unverified_candidate
ERARA-PHYS-294,drawing_dominant,"[""words=31"", ""orthogonal_lines=112"", ""ink=0.1604"", ""edges=0.1361""]",3,automatic_unverified_candidate
ERARA-PHYS-325,drawing_dominant,"[""words=17"", ""orthogonal_lines=103"", ""ink=0.1148"", ""edges=0.0943""]",4,automatic_unverified_candidate
ERARA-PHYS-301,drawing_dominant,"[""words=8"", ""orthogonal_lines=70"", ""ink=0.1121"", ""edges=0.0919""]",5,automatic_unverified_candidate
ERARA-PHYS-321,drawing_dominant,"[""words=24"", ""orthogonal_lines=62"", ""ink=0.1172"", ""edges=0.0959""]",6,automatic_unverified_candidate
ERARA-PHYS-292,drawing_dominant,"[""words=7"", ""orthogonal_lines=56"", ""ink=0.1103"", ""edges=0.0879""]",7,automatic_unverified_candidate
ERARA-PHYS-310,drawing_dominant,"[""words=40"", ""orthogonal_lines=98"", ""ink=0.1514"", ""edges=0.1237""]",8,automatic_unverified_candidate
ERARA-PHYS-327,drawing_dominant,"[""words=40"", ""orthogonal_lines=64"", ""ink=0.1727"", ""edges=0.1113""]",9,automatic_unverified_candidate
ERARA-PHYS-281,drawing_dominant,"[""words=42"", ""orthogonal_lines=53"", ""ink=0.1627"", ""edges=0.1467""]",10,automatic_unverified_candidate
ERARA-PHYS-283,drawing_dominant,"[""words=47"", ""orthogonal_lines=66"", ""ink=0.1448"", ""edges=0.1179""]",11,automatic_unverified_candidate
ERARA-PHYS-287,drawing_dominant,"[""words=34"", ""orthogonal_lines=68"", ""ink=0.1162"", ""edges=0.0932""]",12,automatic_unverified_candidate
ERARA-PHYS-300,drawing_dominant,"[""words=50"", ""orthogonal_lines=105"", ""ink=0.1160"", ""edges=0.1145""]",13,automatic_unverified_candidate
ERARA-PHYS-212,drawing_dominant,"[""words=20"", ""orthogonal_lines=46"", ""ink=0.0928"", ""edges=0.0665""]",14,automatic_unverified_candidate
ERARA-PHYS-320,drawing_dominant,"[""words=19"", ""orthogonal_lines=37"", ""ink=0.0871"", ""edges=0.0716""]",15,automatic_unverified_candidate
ERARA-PHYS-297,mixed_text_drawing,"[""words=59"", ""orthogonal_lines=90"", ""ink=0.1755"", ""edges=0.1341""]",16,automatic_unverified_candidate
ERARA-PHYS-225,drawing_dominant,"[""words=33"", ""orthogonal_lines=43"", ""ink=0.1027"", ""edges=0.0773""]",17,automatic_unverified_candidate
ERARA-PHYS-214,mixed_text_drawing,"[""words=60"", ""orthogonal_lines=57"", ""ink=0.1195"", ""edges=0.1113""]",18,automatic_unverified_candidate
ERARA-PHYS-315,drawing_dominant,"[""words=41"", ""orthogonal_lines=52"", ""ink=0.1058"", ""edges=0.0854""]",19,automatic_unverified_candidate
ERARA-PHYS-304,drawing_dominant,"[""words=9"", ""orthogonal_lines=65"", ""ink=0.0753"", ""edges=0.0595""]",20,automatic_unverified_candidate
ERARA-PHYS-330,drawing_dominant,"[""words=2"", ""orthogonal_lines=45"", ""ink=0.0763"", ""edges=0.0578""]",21,automatic_unverified_candidate
ERARA-PHYS-289,drawing_dominant,"[""words=13"", ""orthogonal_lines=37"", ""ink=0.0823"", ""edges=0.0619""]",22,automatic_unverified_candidate
ERARA-PHYS-322,mixed_text_drawing,"[""words=66"", ""orthogonal_lines=109"", ""ink=0.1869"", ""edges=0.1529""]",23,automatic_unverified_candidate
ERARA-PHYS-296,drawing_dominant,"[""words=21"", ""orthogonal_lines=43"", ""ink=0.0700"", ""edges=0.0520""]",24,automatic_unverified_candidate
ERARA-PHYS-233,drawing_dominant,"[""words=25"", ""orthogonal_lines=41"", ""ink=0.0811"", ""edges=0.0535""]",25,automatic_unverified_candidate
ERARA-PHYS-308,drawing_dominant,"[""words=23"", ""orthogonal_lines=52"", ""ink=0.0707"", ""edges=0.0499""]",26,automatic_unverified_candidate
ERARA-PHYS-254,drawing_dominant,"[""words=51"", ""orthogonal_lines=51"", ""ink=0.1071"", ""edges=0.0821""]",27,automatic_unverified_candidate
ERARA-PHYS-306,drawing_dominant,"[""words=33"", ""orthogonal_lines=43"", ""ink=0.0730"", ""edges=0.0573""]",28,automatic_unverified_candidate
ERARA-PHYS-299,drawing_dominant,"[""words=49"", ""orthogonal_lines=56"", ""ink=0.0877"", ""edges=0.0734""]",29,automatic_unverified_candidate
ERARA-PHYS-250,mixed_text_drawing,"[""words=79"", ""orthogonal_lines=50"", ""ink=0.1305"", ""edges=0.1094""]",30,automatic_unverified_candidate
ERARA-PHYS-337,drawing_dominant,"[""words=15"", ""orthogonal_lines=62"", ""ink=0.0724"", ""edges=0.0357""]",31,automatic_unverified_candidate
ERARA-PHYS-280,mixed_text_drawing,"[""words=63"", ""orthogonal_lines=59"", ""ink=0.0887"", ""edges=0.0821""]",32,automatic_unverified_candidate
ERARA-PHYS-232,drawing_dominant,"[""words=23"", ""orthogonal_lines=34"", ""ink=0.0834"", ""edges=0.0617""]",33,automatic_unverified_candidate
ERARA-PHYS-278,drawing_dominant,"[""words=42"", ""orthogonal_lines=42"", ""ink=0.0715"", ""edges=0.0538""]",34,automatic_unverified_candidate
ERARA-PHYS-244,drawing_dominant,"[""words=52"", ""orthogonal_lines=53"", ""ink=0.0807"", ""edges=0.0639""]",35,automatic_unverified_candidate
ERARA-PHYS-272,mixed_text_drawing,"[""words=92"", ""orthogonal_lines=79"", ""ink=0.1556"", ""edges=0.1367""]",36,automatic_unverified_candidate
ERARA-PHYS-222,mixed_text_drawing,"[""words=62"", ""orthogonal_lines=63"", ""ink=0.0866"", ""edges=0.0705""]",37,automatic_unverified_candidate
ERARA-PHYS-260,mixed_text_drawing,"[""words=95"", ""orthogonal_lines=100"", ""ink=0.1650"", ""edges=0.1520""]",38,automatic_unverified_candidate
ERARA-PHYS-314,drawing_dominant,"[""words=42"", ""orthogonal_lines=41"", ""ink=0.0648"", ""edges=0.0433""]",39,automatic_unverified_candidate
ERARA-PHYS-279,mixed_text_drawing,"[""words=63"", ""orthogonal_lines=63"", ""ink=0.0903"", ""edges=0.0682""]",40,automatic_unverified_candidate
ERARA-PHYS-213,drawing_dominant,"[""words=10"", ""orthogonal_lines=31"", ""ink=0.0954"", ""edges=0.0631""]",41,automatic_unverified_candidate
ERARA-PHYS-329,drawing_dominant,"[""words=9"", ""orthogonal_lines=30"", ""ink=0.0806"", ""edges=0.0638""]",42,automatic_unverified_candidate
ERARA-PHYS-275,drawing_dominant,"[""words=28"", ""orthogonal_lines=32"", ""ink=0.0743"", ""edges=0.0527""]",43,automatic_unverified_candidate
ERARA-PHYS-218,drawing_dominant,"[""words=54"", ""orthogonal_lines=36"", ""ink=0.0689"", ""edges=0.0475""]",44,automatic_unverified_candidate
ERARA-PHYS-276,drawing_dominant,"[""words=31"", ""orthogonal_lines=33"", ""ink=0.0622"", ""edges=0.0392""]",45,automatic_unverified_candidate
ERARA-PHYS-237,drawing_dominant,"[""words=18"", ""orthogonal_lines=26"", ""ink=0.0742"", ""edges=0.0543""]",46,automatic_unverified_candidate
ERARA-PHYS-319,mixed_text_drawing,"[""words=79"", ""orthogonal_lines=37"", ""ink=0.0666"", ""edges=0.0400""]",47,automatic_unverified_candidate
ERARA-PHYS-268,drawing_dominant,"[""words=23"", ""orthogonal_lines=28"", ""ink=0.0632"", ""edges=0.0366""]",48,automatic_unverified_candidate
ERARA-PHYS-245,drawing_dominant,"[""words=27"", ""orthogonal_lines=26"", ""ink=0.0778"", ""edges=0.0521""]",49,automatic_unverified_candidate
ERARA-PHYS-336,mixed_text_drawing,"[""words=83"", ""orthogonal_lines=43"", ""ink=0.0555"", ""edges=0.0250""]",50,automatic_unverified_candidate
ERARA-PHYS-258,drawing_dominant,"[""words=30"", ""orthogonal_lines=29"", ""ink=0.0601"", ""edges=0.0287""]",51,automatic_unverified_candidate
ERARA-PHYS-331,mixed_text_drawing,"[""words=57"", ""orthogonal_lines=30"", ""ink=0.0724"", ""edges=0.0510""]",52,automatic_unverified_candidate
ERARA-PHYS-219,drawing_dominant,"[""words=7"", ""orthogonal_lines=24"", ""ink=0.0735"", ""edges=0.0444""]",53,automatic_unverified_candidate
ERARA-PHYS-262,drawing_dominant,"[""words=25"", ""orthogonal_lines=26"", ""ink=0.0647"", ""edges=0.0328""]",54,automatic_unverified_candidate
ERARA-PHYS-333,mixed_text_drawing,"[""words=164"", ""orthogonal_lines=114"", ""ink=0.2150"", ""edges=0.1453""]",55,automatic_unverified_candidate
ERARA-PHYS-235,drawing_dominant,"[""words=41"", ""orthogonal_lines=25"", ""ink=0.0729"", ""edges=0.0561""]",56,automatic_unverified_candidate
ERARA-PHYS-234,drawing_dominant,"[""words=37"", ""orthogonal_lines=26"", ""ink=0.0620"", ""edges=0.0340""]",57,automatic_unverified_candidate
ERARA-PHYS-243,mixed_text_drawing,"[""words=84"", ""orthogonal_lines=32"", ""ink=0.0648"", ""edges=0.0435""]",58,automatic_unverified_candidate
ERARA-PHYS-229,mixed_text_drawing,"[""words=79"", ""orthogonal_lines=27"", ""ink=0.0843"", ""edges=0.0747""]",59,automatic_unverified_candidate
ERARA-PHYS-242,mixed_text_drawing,"[""words=65"", ""orthogonal_lines=28"", ""ink=0.0645"", ""edges=0.0484""]",60,automatic_unverified_candidate
ERARA-PHYS-227,drawing_dominant,"[""words=53"", ""orthogonal_lines=26"", ""ink=0.0685"", ""edges=0.0487""]",61,automatic_unverified_candidate
ERARA-PHYS-224,mixed_text_drawing,"[""words=91"", ""orthogonal_lines=32"", ""ink=0.0675"", ""edges=0.0441""]",62,automatic_unverified_candidate
ERARA-PHYS-312,mixed_text_drawing,"[""words=167"", ""orthogonal_lines=60"", ""ink=0.0902"", ""edges=0.0826""]",63,automatic_unverified_candidate
ERARA-PHYS-305,drawing_dominant,"[""words=2"", ""orthogonal_lines=20"", ""ink=0.0640"", ""edges=0.0379""]",64,automatic_unverified_candidate
ERARA-PHYS-257,mixed_text_drawing,"[""words=129"", ""orthogonal_lines=37"", ""ink=0.0676"", ""edges=0.0388""]",65,automatic_unverified_candidate
ERARA-PHYS-240,drawing_dominant,"[""words=14"", ""orthogonal_lines=19"", ""ink=0.0691"", ""edges=0.0429""]",66,automatic_unverified_candidate
ERARA-PHYS-256,drawing_dominant,"[""words=31"", ""orthogonal_lines=22"", ""ink=0.0570"", ""edges=0.0285""]",67,automatic_unverified_candidate
ERARA-PHYS-266,drawing_dominant,"[""words=2"", ""orthogonal_lines=20"", ""ink=0.0592"", ""edges=0.0303""]",68,automatic_unverified_candidate
ERARA-PHYS-238,mixed_text_drawing,"[""words=69"", ""orthogonal_lines=26"", ""ink=0.0611"", ""edges=0.0435""]",69,automatic_unverified_candidate
ERARA-PHYS-334,drawing_dominant,"[""words=44"", ""orthogonal_lines=23"", ""ink=0.0755"", ""edges=0.0349""]",70,automatic_unverified_candidate
ERARA-PHYS-217,mixed_text_drawing,"[""words=80"", ""orthogonal_lines=28"", ""ink=0.0666"", ""edges=0.0402""]",71,automatic_unverified_candidate
ERARA-PHYS-226,mixed_text_drawing,"[""words=78"", ""orthogonal_lines=28"", ""ink=0.0601"", ""edges=0.0314""]",72,automatic_unverified_candidate
ERARA-PHYS-323,mixed_text_drawing,"[""words=130"", ""orthogonal_lines=28"", ""ink=0.1091"", ""edges=0.0935""]",73,automatic_unverified_candidate
ERARA-PHYS-220,mixed_text_drawing,"[""words=127"", ""orthogonal_lines=32"", ""ink=0.0699"", ""edges=0.0567""]",74,automatic_unverified_candidate
ERARA-PHYS-284,drawing_dominant,"[""words=52"", ""orthogonal_lines=22"", ""ink=0.0651"", ""edges=0.0396""]",75,automatic_unverified_candidate
ERARA-PHYS-204,mixed_text_drawing,"[""words=151"", ""orthogonal_lines=69"", ""ink=0.0675"", ""edges=0.0358""]",76,automatic_unverified_candidate
ERARA-PHYS-231,drawing_dominant,"[""words=35"", ""orthogonal_lines=20"", ""ink=0.0656"", ""edges=0.0327""]",77,automatic_unverified_candidate
ERARA-PHYS-246,drawing_dominant,"[""words=5"", ""orthogonal_lines=18"", ""ink=0.0556"", ""edges=0.0247""]",78,automatic_unverified_candidate
ERARA-PHYS-309,drawing_dominant,"[""words=45"", ""orthogonal_lines=20"", ""ink=0.0664"", ""edges=0.0397""]",79,automatic_unverified_candidate
ERARA-PHYS-249,drawing_dominant,"[""words=12"", ""orthogonal_lines=17"", ""ink=0.0666"", ""edges=0.0315""]",80,automatic_unverified_candidate
ERARA-PHYS-326,mixed_text_drawing,"[""words=106"", ""orthogonal_lines=29"", ""ink=0.0666"", ""edges=0.0412""]",81,automatic_unverified_candidate
ERARA-PHYS-291,drawing_dominant,"[""words=19"", ""orthogonal_lines=15"", ""ink=0.0761"", ""edges=0.0374""]",82,automatic_unverified_candidate
ERARA-PHYS-271,drawing_dominant,"[""words=14"", ""orthogonal_lines=16"", ""ink=0.0604"", ""edges=0.0247""]",83,automatic_unverified_candidate
ERARA-PHYS-201,mixed_text_drawing,"[""words=58"", ""orthogonal_lines=19"", ""ink=0.0652"", ""edges=0.0434""]",84,automatic_unverified_candidate
ERARA-PHYS-313,mixed_text_drawing,"[""words=71"", ""orthogonal_lines=22"", ""ink=0.0569"", ""edges=0.0318""]",85,automatic_unverified_candidate
ERARA-PHYS-277,mixed_text_drawing,"[""words=62"", ""orthogonal_lines=18"", ""ink=0.0698"", ""edges=0.0484""]",86,automatic_unverified_candidate
ERARA-PHYS-316,mixed_text_drawing,"[""words=134"", ""orthogonal_lines=30"", ""ink=0.0600"", ""edges=0.0390""]",87,automatic_unverified_candidate
ERARA-PHYS-282,mixed_text_drawing,"[""words=27"", ""orthogonal_lines=13"", ""ink=0.0442"", ""edges=0.0309""]",88,automatic_unverified_candidate
ERARA-PHYS-263,drawing_dominant,"[""words=47"", ""orthogonal_lines=15"", ""ink=0.0579"", ""edges=0.0313""]",89,automatic_unverified_candidate
ERARA-PHYS-202,mixed_text_drawing,"[""words=0"", ""orthogonal_lines=12"", ""ink=0.0515"", ""edges=0.0102""]",90,automatic_unverified_candidate
ERARA-PHYS-317,mixed_text_drawing,"[""words=55"", ""orthogonal_lines=13"", ""ink=0.0579"", ""edges=0.0282""]",91,automatic_unverified_candidate
ERARA-PHYS-251,mixed_text_drawing,"[""words=60"", ""orthogonal_lines=14"", ""ink=0.0574"", ""edges=0.0227""]",92,automatic_unverified_candidate
ERARA-PHYS-228,mixed_text_drawing,"[""words=165"", ""orthogonal_lines=27"", ""ink=0.0618"", ""edges=0.0403""]",93,automatic_unverified_candidate
ERARA-PHYS-247,mixed_text_drawing,"[""words=79"", ""orthogonal_lines=13"", ""ink=0.0539"", ""edges=0.0179""]",94,automatic_unverified_candidate
ERARA-PHYS-269,mixed_text_drawing,"[""words=138"", ""orthogonal_lines=18"", ""ink=0.0656"", ""edges=0.0435""]",95,automatic_unverified_candidate
