page_id,physical_image_number,pdf_page,book,printed_page_candidate,alto_page_id,ocr_word_count,ocr_character_count,ink_coverage,edge_density,long_horizontal_lines,long_vertical_lines,illustration_score,page_class_candidate,review_status
ERARA-PHYS-001,1,2,,,p103250,6,12,0.544672531769306,0.16527021365731043,3,17,0.7726315789473683,drawing_dominant,automatic_unverified
ERARA-PHYS-002,2,3,,3,p103251,120,256,0.06295783878249472,0.029964319522318504,21,10,0.5806114702231241,mixed_text_drawing,automatic_unverified
ERARA-PHYS-003,3,4,,,p103253,13,36,0.022929063576573754,0.009211556529909177,1,6,0.4434945087714304,uncertain,automatic_unverified
ERARA-PHYS-004,4,5,,,p103255,11,20,0.05303398058252427,0.007524271844660194,2,4,0.4281019185209272,uncertain,automatic_unverified
ERARA-PHYS-005,5,6,,,p103256,116,460,0.1575190899174069,0.14138616175783075,10,25,0.7701052631578946,mixed_text_drawing,automatic_unverified
ERARA-PHYS-006,6,7,,,p103257,6,11,0.054664769133459835,0.008787950664136622,5,6,0.49332765132600354,mixed_text_drawing,automatic_unverified
ERARA-PHYS-007,7,8,,,p103258,758,4091,0.14972922062632446,0.15404991758888628,35,37,0.6599999999999999,text_dominant,automatic_unverified
ERARA-PHYS-008,8,9,,,p103259,0,0,0.05347090449082859,0.008100094876660342,4,4,0.45430733228620973,uncertain,automatic_unverified
ERARA-PHYS-009,9,10,1,,p103260,852,4469,0.14990558615263572,0.16063335955940206,70,27,0.6599999999999999,text_dominant,automatic_unverified
ERARA-PHYS-010,10,11,1,6,p103261,1029,5296,0.18487208008898776,0.18114571746384872,55,41,0.6599999999999999,text_dominant,automatic_unverified
ERARA-PHYS-011,11,12,1,7,p103262,966,5099,0.17385752688172043,0.18005613535736875,24,50,0.6599999999999999,text_dominant,automatic_unverified
ERARA-PHYS-012,12,13,1,,p103263,1045,4929,0.18534413925263493,0.17574257425742573,29,44,0.6599999999999999,text_dominant,automatic_unverified
ERARA-PHYS-013,13,14,1,9,p103264,1074,5352,0.19716255845288103,0.18355789807402711,34,35,0.6599999999999999,text_dominant,automatic_unverified
ERARA-PHYS-014,14,15,1,,p103265,1067,5331,0.16260454002389485,0.17954599761051374,110,37,0.6599999999999999,text_dominant,automatic_unverified
ERARA-PHYS-015,15,16,1,,p103266,694,3367,0.18728560188827695,0.1609441384736428,230,15,0.6599999999999999,text_dominant,automatic_unverified
ERARA-PHYS-016,16,17,1,1,p103267,741,2473,0.13495021903624055,0.1439984070091597,152,8,0.6599999999999999,text_dominant,automatic_unverified
ERARA-PHYS-017,17,18,1,,p103268,356,1575,0.09568056648308419,0.07573957513768687,71,6,0.6039374865889421,text_dominant,automatic_unverified
ERARA-PHYS-018,18,19,1,14,p103269,921,4892,0.06757194813409234,0.03498181530676787,6,4,0.18355875997566795,text_dominant,automatic_unverified
ERARA-PHYS-019,19,20,1,1,p103270,755,3683,0.09232983673791309,0.11295054815048505,5,13,0.40736842105263155,text_dominant,automatic_unverified
ERARA-PHYS-020,20,21,1,6,p103271,972,5248,0.19934931776954018,0.18275494912848017,69,45,0.6599999999999999,text_dominant,automatic_unverified
ERARA-PHYS-021,21,22,1,1,p103272,5,20,0.09507081038552322,0.0590912667191188,34,20,0.9166948000858308,drawing_dominant,automatic_unverified
ERARA-PHYS-022,22,23,1,5,p103273,12,27,0.05955487033523087,0.0271544908285895,9,14,0.6749609371453474,drawing_dominant,automatic_unverified
ERARA-PHYS-023,23,24,1,,p103274,749,3332,0.10702342456029655,0.11193311775376608,164,8,0.6599999999999999,text_dominant,automatic_unverified
ERARA-PHYS-024,24,25,1,,p103275,5,10,0.08040066251281647,0.05644766937455635,21,23,0.9123689135220013,drawing_dominant,automatic_unverified
ERARA-PHYS-025,25,26,1,,p103276,0,0,0.07532375794678596,0.050737775684797114,22,11,0.8398675563837351,drawing_dominant,automatic_unverified
ERARA-PHYS-026,26,27,1,,p103277,599,2770,0.07879729191557149,0.08444046196734369,108,7,0.6181753014011078,text_dominant,automatic_unverified
ERARA-PHYS-027,27,28,1,,p103278,0,0,0.0767489549649026,0.030440097799511002,14,15,0.7561268586001568,drawing_dominant,automatic_unverified
ERARA-PHYS-028,28,29,1,,p103279,26,78,0.0703559510567297,0.04493882091212458,15,21,0.8562730945069216,drawing_dominant,automatic_unverified
ERARA-PHYS-029,29,30,1,25,p103280,7,32,0.07628638867033832,0.05112903225806452,11,22,0.8405077944127181,drawing_dominant,automatic_unverified
ERARA-PHYS-030,30,31,1,26,p103281,749,3251,0.09781503257587797,0.10535118385507707,156,10,0.652392846308308,text_dominant,automatic_unverified
ERARA-PHYS-031,31,32,1,1,p103282,110,205,0.0635713156230234,0.03185879190385832,8,15,0.5026588843594236,mixed_text_drawing,automatic_unverified
ERARA-PHYS-032,32,33,1,,p103283,158,729,0.060333649588867805,0.03042773561037318,27,6,0.5306329453528594,mixed_text_drawing,automatic_unverified
ERARA-PHYS-033,33,34,1,5,p103284,157,365,0.06493705743509048,0.027545239968528718,12,19,0.5026529764078317,mixed_text_drawing,automatic_unverified
ERARA-PHYS-034,34,35,1,17,p103285,26,77,0.06245320589406611,0.0320868180007965,13,21,0.8099793863936479,drawing_dominant,automatic_unverified
ERARA-PHYS-035,35,36,1,,p103286,437,1914,0.06281667977970103,0.042269866247049565,13,8,0.3344320299353634,text_dominant,automatic_unverified
ERARA-PHYS-036,36,37,1,3,p103287,17,53,0.08510041113219481,0.06802656546489563,35,23,0.9313161980334657,drawing_dominant,automatic_unverified
ERARA-PHYS-037,37,38,1,33,p103288,565,2643,0.0699356408445177,0.06777725453261126,64,7,0.5909082346897275,text_dominant,automatic_unverified
ERARA-PHYS-038,38,39,1,,p103289,1,5,0.061740986717267556,0.030376344086021505,6,13,0.6297067448680352,drawing_dominant,automatic_unverified
ERARA-PHYS-039,39,40,1,3,p103290,306,1262,0.0638187626616799,0.03854215365435562,42,7,0.5430689787071273,text_dominant,automatic_unverified
ERARA-PHYS-040,40,41,1,2,p103291,52,113,0.05065387968613775,0.017991598636759927,6,8,0.48228290303240146,drawing_dominant,automatic_unverified
ERARA-PHYS-041,41,42,1,31,p103292,193,994,0.06919824616348262,0.04442139054181021,68,9,0.5526895481593258,text_dominant,automatic_unverified
ERARA-PHYS-042,42,43,1,,p103293,51,159,0.05859424414927261,0.02174652118912081,10,7,0.5283220585965518,drawing_dominant,automatic_unverified
ERARA-PHYS-043,43,44,1,1,p103294,100,308,0.07495879444313633,0.04814378777176046,11,21,0.6629912699423065,mixed_text_drawing,automatic_unverified
ERARA-PHYS-044,44,45,1,,p103295,218,1001,0.06433823529411764,0.04061907020872865,49,9,0.546467569432465,text_dominant,automatic_unverified
ERARA-PHYS-045,45,46,1,4,p103296,7,22,0.07942469193940821,0.06074876383329409,29,36,0.9194070680908449,drawing_dominant,automatic_unverified
ERARA-PHYS-046,46,47,1,42,p103297,537,2546,0.08450193232904803,0.0829718432053001,133,5,0.6157721070632183,text_dominant,automatic_unverified
ERARA-PHYS-047,47,48,1,1,p103298,135,311,0.056533823989978076,0.018325242718446603,3,9,0.29156570818042454,mixed_text_drawing,automatic_unverified
ERARA-PHYS-048,48,49,1,44,p103299,157,736,0.0671243115656963,0.03482297403619197,61,6,0.6029830484228597,mixed_text_drawing,automatic_unverified
ERARA-PHYS-049,49,50,1,1,p103300,36,123,0.07681255872220483,0.053010491700595054,24,22,0.8747444409646101,drawing_dominant,automatic_unverified
ERARA-PHYS-050,50,51,1,11,p103301,50,134,0.06036922833649589,0.03338472485768501,18,5,0.6251558655565947,drawing_dominant,automatic_unverified
ERARA-PHYS-051,51,52,1,47,p103302,156,675,0.06619949890385218,0.03064516129032258,42,8,0.5981466275659825,mixed_text_drawing,automatic_unverified
ERARA-PHYS-052,52,53,1,48,p103303,10,27,0.06712919038583175,0.04462760910815939,16,27,0.8930269967224427,drawing_dominant,automatic_unverified
ERARA-PHYS-053,53,54,1,49,p103304,417,1939,0.07253355309630327,0.061007770190722864,80,8,0.5798308966757283,text_dominant,automatic_unverified
ERARA-PHYS-054,54,55,1,7,p103305,48,144,0.1633855154965212,0.14380139152435167,59,37,0.944,drawing_dominant,automatic_unverified
ERARA-PHYS-055,55,56,1,5,p103306,950,4877,0.1524880307668158,0.17128561337414647,35,36,0.6599999999999999,text_dominant,automatic_unverified
ERARA-PHYS-056,56,57,1,52,p103307,911,4805,0.13863438218276927,0.1655940397875882,48,30,0.6599999999999999,text_dominant,automatic_unverified
ERARA-PHYS-057,57,58,1,0,p103308,862,4347,0.15132572777340678,0.15821400472069236,28,42,0.6599999999999999,text_dominant,automatic_unverified
ERARA-PHYS-058,58,59,1,,p103309,538,2630,0.12380218216318785,0.12211416824794434,159,14,0.6599999999999999,text_dominant,automatic_unverified
ERARA-PHYS-059,59,60,1,55,p103310,940,4896,0.15823676792984653,0.17160585656122768,292,29,0.6599999999999999,text_dominant,automatic_unverified
ERARA-PHYS-060,60,61,1,5,p103311,931,4366,0.09922912713472486,0.13214342188488298,130,13,0.6599999999999999,text_dominant,automatic_unverified
ERARA-PHYS-061,61,62,1,,p103312,1,5,0.06758142812402129,0.040091606639523956,15,26,0.885604447228312,drawing_dominant,automatic_unverified
ERARA-PHYS-062,62,63,1,58,p103313,389,1762,0.07311037318153067,0.0577680265654649,99,3,0.5745294980162152,text_dominant,automatic_unverified
ERARA-PHYS-063,63,64,1,,p103314,0,0,0.08180394613216412,0.06283667397431882,33,20,0.9228236483216127,drawing_dominant,automatic_unverified
ERARA-PHYS-064,64,65,1,6,p103315,904,4761,0.16664690069576218,0.1732289690069576,132,22,0.6599999999999999,text_dominant,automatic_unverified
ERARA-PHYS-065,65,66,1,1,p103316,813,3883,0.13165126839962418,0.13139289069840276,212,10,0.6599999999999999,text_dominant,automatic_unverified
ERARA-PHYS-066,66,67,1,,p103317,14,56,0.06609756097560976,0.0467309205350118,12,14,0.744889831688871,drawing_dominant,automatic_unverified
ERARA-PHYS-067,67,68,1,1,p103318,46,276,0.10513623551518948,0.10582915753210147,23,63,0.9411749850525297,drawing_dominant,automatic_unverified
ERARA-PHYS-068,68,69,1,64,p103319,387,1951,0.0596066089693155,0.0366955153422502,7,4,0.19899457534473478,text_dominant,automatic_unverified
ERARA-PHYS-069,69,70,1,,p103320,108,381,0.06917128797937984,0.045512770444427086,11,19,0.6174228109664788,mixed_text_drawing,automatic_unverified
ERARA-PHYS-070,70,71,1,1,p103321,172,484,0.08150879406893288,0.051557693824434106,10,15,0.4361566090332845,mixed_text_drawing,automatic_unverified
ERARA-PHYS-071,71,72,1,7,p103322,485,2444,0.09760021922956467,0.08927341058565612,161,7,0.6260837627765281,text_dominant,automatic_unverified
ERARA-PHYS-072,72,73,1,1,p103323,21,57,0.04718524898214845,0.00844816786720952,4,3,0.4402453273233764,uncertain,automatic_unverified
ERARA-PHYS-073,73,74,2,6,p103324,47,246,0.06079585589828114,0.03259555764853622,2,13,0.5288118694535856,drawing_dominant,automatic_unverified
ERARA-PHYS-074,74,75,2,,p103325,20,34,0.05228788949062083,0.008162624597755278,3,4,0.44177807470063307,uncertain,automatic_unverified
ERARA-PHYS-075,75,76,2,3,p103326,847,4401,0.1304191990026492,0.1572463768115942,35,26,0.6599999999999999,text_dominant,automatic_unverified
ERARA-PHYS-076,76,77,2,4,p103327,891,4577,0.14612509834775766,0.16240755310778915,269,17,0.6599999999999999,text_dominant,automatic_unverified
ERARA-PHYS-077,77,78,2,1,p103328,36,97,0.13316019682886823,0.08094196672654846,27,41,0.9204504910070793,drawing_dominant,automatic_unverified
ERARA-PHYS-078,78,79,2,6,p103329,334,1702,0.05963032728985166,0.04381916647044973,15,5,0.324335669535377,text_dominant,automatic_unverified
ERARA-PHYS-079,79,80,2,,p103330,4,10,0.06769128876422004,0.04969611968209443,7,19,0.7497419757477335,drawing_dominant,automatic_unverified
ERARA-PHYS-080,80,81,2,8,p103331,408,2038,0.06391424075531078,0.04393784421715185,9,4,0.23610881685294705,text_dominant,automatic_unverified
ERARA-PHYS-081,81,82,2,0,p103332,43,101,0.058493065295309336,0.020702820632694404,5,7,0.479456290221921,mixed_text_drawing,automatic_unverified
ERARA-PHYS-082,82,83,2,1,p103333,25,64,0.1833886780518659,0.15009092346616065,38,74,0.99,drawing_dominant,automatic_unverified
ERARA-PHYS-083,83,84,2,,p103334,182,876,0.08476571697668943,0.07106192606545797,70,9,0.6122831517434767,text_dominant,automatic_unverified
ERARA-PHYS-084,84,85,2,,p103335,329,1733,0.06673387096774193,0.05591793168880455,74,4,0.5715020700362257,text_dominant,automatic_unverified
ERARA-PHYS-085,85,86,2,1,p103336,51,192,0.07237657954634644,0.04722549250451299,19,14,0.7721201839069064,drawing_dominant,automatic_unverified
ERARA-PHYS-086,86,87,2,1,p103337,221,500,0.061593974288193076,0.034825301679943216,6,13,0.2969868572944525,text_dominant,automatic_unverified
ERARA-PHYS-087,87,88,2,1,p103338,98,253,0.059599501324606514,0.025163627863487612,6,12,0.45254526664742944,mixed_text_drawing,automatic_unverified
ERARA-PHYS-088,88,89,2,6,p103339,210,1003,0.07420143544443568,0.0693469516523385,13,8,0.3787399878712908,text_dominant,automatic_unverified
ERARA-PHYS-089,89,90,2,1,p103340,63,123,0.055817413091136865,0.021641089884121514,6,7,0.45362321885344287,mixed_text_drawing,automatic_unverified
ERARA-PHYS-090,90,91,2,18,p103341,341,1772,0.07545942108999132,0.06584509819386387,130,3,0.5877465243172317,text_dominant,automatic_unverified
ERARA-PHYS-091,91,92,2,3,p103342,61,146,0.07206780457250235,0.046703726902599434,10,17,0.675476911965019,mixed_text_drawing,automatic_unverified
ERARA-PHYS-092,92,93,2,2,p103343,138,719,0.0607513768686074,0.029807238394964596,35,6,0.6327754810099421,mixed_text_drawing,automatic_unverified
ERARA-PHYS-093,93,94,2,1,p103344,56,116,0.07247129579004921,0.04757478715925955,12,16,0.6995338622414679,mixed_text_drawing,automatic_unverified
ERARA-PHYS-094,94,95,2,,p103345,386,1753,0.09193942739963719,0.0902121618424166,17,28,0.6276199011966817,text_dominant,automatic_unverified
ERARA-PHYS-095,95,96,2,1,p103346,76,143,0.06349972529628757,0.02756455537241975,11,15,0.6015266886955385,mixed_text_drawing,automatic_unverified
ERARA-PHYS-096,96,97,2,,p103347,320,1612,0.07234797696979257,0.05907011593974288,87,6,0.5766601897195792,text_dominant,automatic_unverified
ERARA-PHYS-097,97,98,2,1,p103348,114,374,0.09084589549324378,0.06422322893071936,19,13,0.6613030827478757,mixed_text_drawing,automatic_unverified
ERARA-PHYS-098,98,99,2,8,p103349,85,255,0.07744695953939586,0.059732628756211055,13,18,0.6993232489694936,mixed_text_drawing,automatic_unverified
ERARA-PHYS-099,99,100,2,7,p103350,260,1171,0.0704873857689604,0.049687573225025386,54,10,0.561306938004587,text_dominant,automatic_unverified
ERARA-PHYS-100,100,101,2,8,p103351,19,38,0.15312302340290956,0.12925759013282734,47,54,1.0,drawing_dominant,automatic_unverified
ERARA-PHYS-101,101,102,2,,p103352,496,2423,0.08924209207641716,0.08734732226746007,167,8,0.6229319818922074,text_dominant,automatic_unverified
ERARA-PHYS-102,102,103,2,3,p103353,91,286,0.14146110056925995,0.0838235294117647,37,17,0.8151657754010695,mixed_text_drawing,automatic_unverified
ERARA-PHYS-103,103,104,2,,p103354,16,71,0.05391314535655706,0.020815433882683747,3,7,0.5003774085544395,mixed_text_drawing,automatic_unverified
ERARA-PHYS-104,104,105,2,8,p103355,46,104,0.05046139285432605,0.020502405552488365,9,9,0.5489178119567034,drawing_dominant,automatic_unverified
ERARA-PHYS-105,105,106,2,33,p103356,532,2625,0.09096696086854643,0.09237678669061938,145,10,0.6311620145846499,text_dominant,automatic_unverified
ERARA-PHYS-106,106,107,2,4,p103357,199,711,0.08032099936748893,0.0614247311827957,35,16,0.5805131964809384,text_dominant,automatic_unverified
ERARA-PHYS-107,107,108,2,3,p103358,11,25,0.11726824303163169,0.09204901346695897,26,35,0.9706256584004784,drawing_dominant,automatic_unverified
ERARA-PHYS-108,108,109,2,,p103359,94,430,0.05838867805186591,0.024691650853889944,30,4,0.6618782037896189,mixed_text_drawing,automatic_unverified
ERARA-PHYS-109,109,110,2,5,p103360,229,641,0.06908927595094899,0.04127548230883387,8,15,0.35806801411302003,text_dominant,automatic_unverified
ERARA-PHYS-110,110,111,2,,p103361,161,743,0.060844703840996925,0.029509425033519995,17,6,0.39681446584432456,mixed_text_drawing,automatic_unverified
ERARA-PHYS-111,111,112,2,1,p103362,45,115,0.06285624804259317,0.029541183839649234,15,15,0.7172874874313878,drawing_dominant,automatic_unverified
ERARA-PHYS-112,112,113,2,,p103363,0,0,0.06815600599416358,0.039214449089044874,16,12,0.757853309035662,drawing_dominant,automatic_unverified
ERARA-PHYS-113,113,114,2,41,p103364,199,1065,0.060289075892161446,0.028069970391148513,5,11,0.24803794197977408,text_dominant,automatic_unverified
ERARA-PHYS-114,114,115,2,,p103365,135,317,0.07691581431943352,0.0497639653815893,9,12,0.4566951012464284,mixed_text_drawing,automatic_unverified
ERARA-PHYS-115,115,116,2,3,p103366,565,2839,0.08068030930250722,0.08944778567523237,82,11,0.6263691038321983,text_dominant,automatic_unverified
ERARA-PHYS-116,116,117,2,5,p103367,160,374,0.12549019607843137,0.10693390259329538,41,53,0.7149827496981198,mixed_text_drawing,automatic_unverified
ERARA-PHYS-117,117,118,2,45,p103368,960,5318,0.12247076367632054,0.17094027156424144,9,50,0.6599999999999999,text_dominant,automatic_unverified
ERARA-PHYS-118,118,119,2,,p103369,909,4893,0.05985051140833989,0.041667977970102285,6,6,0.2197629113194975,text_dominant,automatic_unverified
ERARA-PHYS-119,119,120,2,47,p103370,365,1850,0.12488088729204093,0.10902132312739202,121,15,0.6583985287539142,text_dominant,automatic_unverified
ERARA-PHYS-120,120,121,2,48,p103371,179,949,0.09048032179193943,0.06958356337250572,38,16,0.615864012791373,mixed_text_drawing,automatic_unverified
ERARA-PHYS-121,121,122,2,49,p103372,149,764,0.08259782863391392,0.05709208779192377,52,15,0.6554234163867843,mixed_text_drawing,automatic_unverified
ERARA-PHYS-122,122,123,2,50,p103373,227,1160,0.10779241265083997,0.08385519362725767,80,11,0.6172175895718761,text_dominant,automatic_unverified
ERARA-PHYS-123,123,124,2,5,p103374,246,1308,0.12245567445130047,0.0892603296102476,94,20,0.6260623575440415,text_dominant,automatic_unverified
ERARA-PHYS-124,124,125,2,5,p103375,221,1096,0.09751163340957489,0.0814811893682467,70,9,0.6133328553298583,text_dominant,automatic_unverified
ERARA-PHYS-125,125,126,2,53,p103376,207,980,0.08863157072561119,0.07652112786065766,61,17,0.6052163910447126,text_dominant,automatic_unverified
ERARA-PHYS-126,126,127,2,54,p103377,213,1177,0.08894571203776554,0.07326514555468136,79,12,0.5998884199985695,text_dominant,automatic_unverified
ERARA-PHYS-127,127,128,2,55,p103378,153,758,0.08637428727641959,0.05427243614777787,66,13,0.6428094409690911,mixed_text_drawing,automatic_unverified
ERARA-PHYS-128,128,129,2,5,p103379,173,769,0.0691076053684954,0.04670355545090652,21,6,0.45147663140770344,mixed_text_drawing,automatic_unverified
ERARA-PHYS-129,129,130,2,57,p103380,118,614,0.09267960105968522,0.055621785881252925,50,12,0.7150174678056866,mixed_text_drawing,automatic_unverified
ERARA-PHYS-130,130,131,2,58,p103381,211,1132,0.08213641001491248,0.06319755121262068,55,7,0.5834141747115611,text_dominant,automatic_unverified
ERARA-PHYS-131,131,132,2,,p103382,144,682,0.08122175471404083,0.05930341280972417,34,11,0.669041948234094,mixed_text_drawing,automatic_unverified
ERARA-PHYS-132,132,133,2,6,p103383,238,1210,0.062356478950246035,0.040822463485120676,13,5,0.29416881584646537,text_dominant,automatic_unverified
ERARA-PHYS-133,133,134,2,61,p103384,250,1375,0.0725224875930521,0.05767679900744417,44,10,0.5743802165576359,text_dominant,automatic_unverified
ERARA-PHYS-134,134,135,2,2,p103385,234,1215,0.11302488030766816,0.09559689192371086,98,23,0.6364312776933451,text_dominant,automatic_unverified
ERARA-PHYS-135,135,136,2,63,p103386,133,709,0.07244428860838398,0.04343540595293751,28,8,0.6398129609373426,mixed_text_drawing,automatic_unverified
ERARA-PHYS-136,136,137,2,4,p103387,220,1089,0.10779114270092947,0.08606576583613215,99,20,0.6208348895500344,text_dominant,automatic_unverified
ERARA-PHYS-137,137,138,2,6,p103388,242,1249,0.11204275351134434,0.07971137521222411,94,14,0.6104367958018213,text_dominant,automatic_unverified
ERARA-PHYS-138,138,139,2,66,p103389,287,1544,0.05840593360018837,0.03735578055097716,8,7,0.2506013251121253,text_dominant,automatic_unverified
ERARA-PHYS-139,139,140,2,1,p103390,34,90,0.06427574441687345,0.02864066377171216,7,2,0.47255075124366297,uncertain,automatic_unverified
ERARA-PHYS-140,140,141,2,6,p103391,146,607,0.08330078887760681,0.06857377177224089,28,19,0.6802116265363941,mixed_text_drawing,automatic_unverified
ERARA-PHYS-141,141,142,2,6,p103392,545,2902,0.06915322580645161,0.07524038461538461,79,9,0.6031206293706294,text_dominant,automatic_unverified
ERARA-PHYS-142,142,143,2,5,p103393,102,243,0.05750861259004071,0.027082680864390855,5,7,0.3718960615101516,mixed_text_drawing,automatic_unverified
ERARA-PHYS-143,143,144,2,71,p103394,441,2177,0.1008297146401985,0.10364066377171216,30,16,0.6495938134446199,text_dominant,automatic_unverified
ERARA-PHYS-144,144,145,2,7,p103395,405,1922,0.1301648051237991,0.12072561118487854,32,26,0.6599999999999999,text_dominant,automatic_unverified
ERARA-PHYS-145,145,146,2,3,p103396,275,1279,0.057618641439205955,0.03325449751861042,21,5,0.3828375031165778,text_dominant,automatic_unverified
ERARA-PHYS-146,146,147,2,0,p103397,38,79,0.16575531077891423,0.09326514555468135,54,26,0.9366156927258422,drawing_dominant,automatic_unverified
ERARA-PHYS-147,147,148,2,75,p103398,294,1313,0.0905920487385769,0.07834101382488479,13,30,0.6081943862589023,text_dominant,automatic_unverified
ERARA-PHYS-148,148,149,2,6,p103399,152,754,0.07386703383162864,0.05697482297403619,34,7,0.6492315285029684,mixed_text_drawing,automatic_unverified
ERARA-PHYS-149,149,150,2,77,p103400,234,1082,0.08253077762194172,0.07287283777466105,7,23,0.4981938302341344,text_dominant,automatic_unverified
ERARA-PHYS-150,150,151,2,66,p103401,396,2201,0.0805352798053528,0.07747821991994348,32,12,0.6067825416871803,text_dominant,automatic_unverified
ERARA-PHYS-151,151,152,2,,p103402,3,6,0.0533037244818451,0.00712170796322269,2,2,0.4021800197292927,uncertain,automatic_unverified
ERARA-PHYS-152,152,153,2,1,p103403,216,413,0.05125578839965466,0.009704889726081155,5,6,0.15482809706373088,text_dominant,automatic_unverified
ERARA-PHYS-153,153,154,3,7,p103404,44,187,0.21732015933765525,0.17155744747324847,10,36,0.952,drawing_dominant,automatic_unverified
ERARA-PHYS-154,154,155,3,5,p103405,53,104,0.05278343250861259,0.009505167554024429,3,4,0.37797496317452806,uncertain,automatic_unverified
ERARA-PHYS-155,155,156,3,,p103406,629,3284,0.08502805049088359,0.09827021972884525,84,6,0.6408058141017468,text_dominant,automatic_unverified
ERARA-PHYS-156,156,157,3,,p103407,0,0,0.051919001648222274,0.00967741935483871,7,3,0.4821515665997839,mixed_text_drawing,automatic_unverified
ERARA-PHYS-157,157,158,3,,p103408,755,3847,0.14575099586034523,0.13900648285558073,53,29,0.6599999999999999,text_dominant,automatic_unverified
ERARA-PHYS-158,158,159,3,,p103409,194,963,0.05820186798524449,0.034381131779295186,32,3,0.4983652969785596,text_dominant,automatic_unverified
ERARA-PHYS-159,159,160,3,,p103410,881,4529,0.1742440730664594,0.1582005441119316,48,43,0.6599999999999999,text_dominant,automatic_unverified
ERARA-PHYS-160,160,161,3,,p103411,997,4986,0.15951573467939112,0.17129111128637906,55,42,0.6599999999999999,text_dominant,automatic_unverified
ERARA-PHYS-161,161,162,3,9,p103412,960,5118,0.17692337733343746,0.1728110599078341,27,47,0.6599999999999999,text_dominant,automatic_unverified
ERARA-PHYS-162,162,163,3,,p103413,2,4,0.07207587349160029,0.06054499566211846,10,26,0.8938104713705479,drawing_dominant,automatic_unverified
ERARA-PHYS-163,163,164,3,,p103414,855,4228,0.14935952511130204,0.15274545028508943,67,33,0.6599999999999999,text_dominant,automatic_unverified
ERARA-PHYS-164,164,165,3,12,p103415,864,4535,0.14653422501966956,0.15988198269079465,57,35,0.6599999999999999,text_dominant,automatic_unverified
ERARA-PHYS-165,165,166,3,,p103416,712,3437,0.09500078296273097,0.10751252740369559,161,9,0.6559295902969564,text_dominant,automatic_unverified
ERARA-PHYS-166,166,167,3,1,p103417,11,30,0.05407946498819827,0.01988198269079465,9,9,0.5999025745466591,drawing_dominant,automatic_unverified
ERARA-PHYS-167,167,168,3,5,p103418,624,3071,0.15851362961805826,0.14642661876122784,66,31,0.6599999999999999,text_dominant,automatic_unverified
ERARA-PHYS-168,168,169,3,5,p103419,716,3556,0.1455714173042038,0.12801482766779715,76,27,0.6599999999999999,text_dominant,automatic_unverified
ERARA-PHYS-169,169,170,3,1,p103420,199,1029,0.08779582910255408,0.06977661485589315,63,18,0.5941799152187343,text_dominant,automatic_unverified
ERARA-PHYS-170,170,171,3,3,p103421,280,1303,0.08863061353573687,0.0726399430740038,96,9,0.5988653613938244,text_dominant,automatic_unverified
ERARA-PHYS-171,171,172,3,9,p103422,720,3431,0.10171101169452947,0.11415901420610627,186,6,0.6599999999999999,text_dominant,automatic_unverified
ERARA-PHYS-172,172,173,3,1,p103423,246,1060,0.06346457938013915,0.042532416192283366,19,11,0.44854586764478904,text_dominant,automatic_unverified
ERARA-PHYS-173,173,174,3,,p103424,860,4433,0.05573911681803946,0.03586360789226433,3,5,0.15973853540265262,text_dominant,automatic_unverified
ERARA-PHYS-174,174,175,3,2,p103425,690,3374,0.09529931382601152,0.1128795646344349,202,7,0.6599999999999999,text_dominant,automatic_unverified
ERARA-PHYS-175,175,176,3,,p103426,33,97,0.06642655809583464,0.04402599436266834,7,18,0.7018320099140316,drawing_dominant,automatic_unverified
ERARA-PHYS-176,176,177,3,,p103427,345,1623,0.060592318006151905,0.03749112706049373,8,11,0.30134911700808065,text_dominant,automatic_unverified
ERARA-PHYS-177,177,178,3,5,p103428,537,2520,0.10041105543376136,0.09166536172878172,152,6,0.6299978646470973,text_dominant,automatic_unverified
ERARA-PHYS-178,178,179,3,3,p103429,96,320,0.056781257358135155,0.025841770661643514,11,4,0.41976021802048846,mixed_text_drawing,automatic_unverified
ERARA-PHYS-179,179,180,3,,p103430,122,401,0.05910082593112046,0.024887018856163318,7,11,0.40409263372635335,mixed_text_drawing,automatic_unverified
ERARA-PHYS-180,180,181,3,28,p103431,361,1657,0.05504377316823093,0.018100796592791228,8,3,0.168566853754711,text_dominant,automatic_unverified
ERARA-PHYS-181,181,182,3,111,p103432,24,53,0.055645161290322584,0.018748042593172566,2,8,0.4889944046261484,mixed_text_drawing,automatic_unverified
ERARA-PHYS-182,182,183,3,3,p103433,309,1414,0.05529332700822264,0.024770714737507905,10,4,0.21737600210635263,text_dominant,automatic_unverified
ERARA-PHYS-183,183,184,3,3,p103434,934,4670,0.05439918373754023,0.021548544070324152,2,5,0.12368230656483664,text_dominant,automatic_unverified
ERARA-PHYS-184,184,185,3,,p103435,621,2932,0.114437258458869,0.1040381733575203,165,10,0.6502442836759423,text_dominant,automatic_unverified
ERARA-PHYS-185,185,186,3,0,p103436,118,329,0.08715144887916894,0.06776536749199406,29,43,0.7348887831687175,mixed_text_drawing,automatic_unverified
ERARA-PHYS-186,186,187,3,,p103437,6,18,0.0726557558507274,0.06040876027830487,14,12,0.7672717512688052,drawing_dominant,automatic_unverified
ERARA-PHYS-187,187,188,3,,p103438,478,2265,0.08847535733812388,0.08342185425290947,136,5,0.6165084887774882,text_dominant,automatic_unverified
ERARA-PHYS-188,188,189,3,2,p103439,126,359,0.07983084185680567,0.06392997639653816,27,8,0.6747179518067753,mixed_text_drawing,automatic_unverified
ERARA-PHYS-189,189,190,3,,p103440,1,3,0.05447941888619855,0.024416152464266188,2,6,0.48100633561138295,uncertain,automatic_unverified
ERARA-PHYS-190,190,191,3,58,p103441,746,3649,0.0545809575880653,0.019987502929001016,7,6,0.1969173492905184,text_dominant,automatic_unverified
ERARA-PHYS-191,191,192,3,0,p103442,9,19,0.10910998834045861,0.05680528565876409,6,23,0.7992698932789346,drawing_dominant,automatic_unverified
ERARA-PHYS-192,192,193,3,1,p103443,97,290,0.06141227380015735,0.037360346184107,14,5,0.4871351119376297,mixed_text_drawing,automatic_unverified
ERARA-PHYS-193,193,194,3,41,p103444,488,2368,0.054620010934937124,0.01722252597047567,3,3,0.10397178890862525,text_dominant,automatic_unverified
ERARA-PHYS-194,194,195,3,,p103445,111,407,0.06066724505087152,0.03313352788074769,11,10,0.4774816580632331,mixed_text_drawing,automatic_unverified
ERARA-PHYS-195,195,196,3,,p103446,7,17,0.052136218073888935,0.014527845036319613,5,3,0.4648254689111067,uncertain,automatic_unverified
ERARA-PHYS-196,196,197,3,,p103447,955,4848,0.16192761605035405,0.16915420928402833,28,59,0.6599999999999999,text_dominant,automatic_unverified
ERARA-PHYS-197,197,198,3,45,p103448,269,1285,0.06718860372027313,0.045789184522407975,63,8,0.5549277564912131,text_dominant,automatic_unverified
ERARA-PHYS-198,198,199,3,91,p103449,72,192,0.047452480479533085,0.03588216736335673,16,13,0.6610320633409953,mixed_text_drawing,automatic_unverified
ERARA-PHYS-199,199,200,3,,p103450,12,62,0.05831836288369913,0.01397328751073967,4,4,0.4639180111419759,uncertain,automatic_unverified
ERARA-PHYS-200,200,201,3,,p103451,61,120,0.051988456672991776,0.010815939278937382,8,4,0.4272777570975913,mixed_text_drawing,automatic_unverified
ERARA-PHYS-201,201,202,4,,p103452,58,259,0.06516990291262136,0.0433643908549953,7,12,0.5749599123081741,mixed_text_drawing,automatic_unverified
ERARA-PHYS-202,202,203,4,,p103453,0,0,0.051526357199055864,0.010236034618410701,7,5,0.5083288221985477,mixed_text_drawing,automatic_unverified
ERARA-PHYS-203,203,204,4,,p103454,654,3438,0.15195657267827853,0.1290166367257674,248,5,0.6599999999999999,text_dominant,automatic_unverified
ERARA-PHYS-204,204,205,4,,p103455,151,807,0.06753636938646426,0.03576454775458571,63,6,0.6165238054165947,mixed_text_drawing,automatic_unverified
ERARA-PHYS-205,205,206,4,,p103456,790,3886,0.1358283745693705,0.1358283745693705,57,23,0.6599999999999999,text_dominant,automatic_unverified
ERARA-PHYS-206,206,207,4,,p103457,833,4022,0.15782454760031472,0.14456726986624704,67,26,0.6599999999999999,text_dominant,automatic_unverified
ERARA-PHYS-207,207,208,4,,p103458,827,4022,0.14429821135671328,0.14034991798797156,259,10,0.6599999999999999,text_dominant,automatic_unverified
ERARA-PHYS-208,208,209,4,,p103459,815,4020,0.12629819040125886,0.14317073170731706,121,27,0.6599999999999999,text_dominant,automatic_unverified
ERARA-PHYS-209,209,210,4,,p103460,1087,5316,0.13518634512997182,0.1763075477607266,40,27,0.6599999999999999,text_dominant,automatic_unverified
ERARA-PHYS-210,210,211,4,3,p103461,965,4774,0.14406625553447186,0.16289927261227072,99,29,0.6599999999999999,text_dominant,automatic_unverified
ERARA-PHYS-211,211,212,4,11,p103462,762,3760,0.10050892577513311,0.1223222674600689,206,8,0.6599999999999999,text_dominant,automatic_unverified
ERARA-PHYS-212,212,213,4,610,p103463,20,57,0.09282630876697276,0.06647044972922063,22,24,0.9287698268296338,drawing_dominant,automatic_unverified
ERARA-PHYS-213,213,214,4,,p103464,10,33,0.0953789350952196,0.0631286436066848,20,11,0.8348803641793598,drawing_dominant,automatic_unverified
ERARA-PHYS-214,214,215,4,34,p103465,60,182,0.1195392826308767,0.11133349030688329,23,34,0.9199999999999999,mixed_text_drawing,automatic_unverified
ERARA-PHYS-215,215,216,4,15,p103466,647,3157,0.09497684640138136,0.10510164037359705,189,5,0.6519845024295224,text_dominant,automatic_unverified
ERARA-PHYS-216,216,217,4,16,p103467,338,1491,0.09184060721062619,0.08216318785578748,95,11,0.614448852854925,text_dominant,automatic_unverified
ERARA-PHYS-217,217,218,4,1,p103468,80,227,0.06662500976333671,0.04019760993517144,13,15,0.63946211769296,mixed_text_drawing,automatic_unverified
ERARA-PHYS-218,218,219,4,1,p103469,54,154,0.06887838787784113,0.04753182847770054,20,16,0.8045161977960458,drawing_dominant,automatic_unverified
ERARA-PHYS-219,219,220,4,1,p103470,7,19,0.07350230414746543,0.04437241271576974,10,14,0.7157672973626472,drawing_dominant,automatic_unverified
ERARA-PHYS-220,220,221,4,32,p103471,127,369,0.06985689437065148,0.05673624288425048,21,11,0.6230516510354721,mixed_text_drawing,automatic_unverified
ERARA-PHYS-221,221,222,4,4,p103472,198,546,0.06427674436857389,0.041178086492426026,8,28,0.5221191654565057,text_dominant,automatic_unverified
ERARA-PHYS-222,222,223,4,2,p103473,62,207,0.08664326839656124,0.07045113967978547,33,30,0.8512836831123762,mixed_text_drawing,automatic_unverified
ERARA-PHYS-223,223,224,4,23,p103474,851,4097,0.13689760212450208,0.14389986721862064,171,10,0.6599999999999999,text_dominant,automatic_unverified
ERARA-PHYS-224,224,225,4,3,p103475,91,256,0.06754666874951183,0.044075607279543856,20,12,0.6743342473186793,mixed_text_drawing,automatic_unverified
ERARA-PHYS-225,225,226,4,10,p103476,33,82,0.10274545028508943,0.077255330781848,13,30,0.9204178140066603,drawing_dominant,automatic_unverified
ERARA-PHYS-226,226,227,4,40,p103477,78,233,0.06012195121951219,0.03143194335169158,16,12,0.6291182996472656,mixed_text_drawing,automatic_unverified
ERARA-PHYS-227,227,228,4,4,p103478,53,241,0.0685092389602255,0.04866896335734419,15,11,0.6820611744890512,drawing_dominant,automatic_unverified
ERARA-PHYS-228,228,229,4,139,p103479,165,417,0.06175679949399115,0.04027118912080961,12,15,0.45695094104936307,mixed_text_drawing,automatic_unverified
ERARA-PHYS-229,229,230,4,46,p103480,79,212,0.08428302331057216,0.07473118279569893,13,14,0.6853400216082729,mixed_text_drawing,automatic_unverified
ERARA-PHYS-230,230,231,4,,p103481,731,3445,0.12429950553331763,0.1262538262302802,90,21,0.6599999999999999,text_dominant,automatic_unverified
ERARA-PHYS-231,231,232,4,2,p103482,35,143,0.06561087735702041,0.032717780894498984,6,14,0.6161697658656394,drawing_dominant,automatic_unverified
ERARA-PHYS-232,232,233,4,30,p103483,23,64,0.08336427632087878,0.06172352440628143,9,25,0.8644758150571686,drawing_dominant,automatic_unverified
ERARA-PHYS-233,233,234,4,70,p103484,25,63,0.08113604488078541,0.0535024154589372,12,29,0.8975494071146246,drawing_dominant,automatic_unverified
ERARA-PHYS-234,234,235,4,,p103485,37,150,0.06204169944925256,0.03402832415420928,10,16,0.6901037648839214,drawing_dominant,automatic_unverified
ERARA-PHYS-235,235,236,4,34,p103486,41,95,0.0729498639720171,0.056051301982122034,7,18,0.7055097860185922,drawing_dominant,automatic_unverified
ERARA-PHYS-236,236,237,4,,p103487,407,1916,0.07688302536799248,0.06957798308800502,121,9,0.5938548814167355,text_dominant,automatic_unverified
ERARA-PHYS-237,237,238,4,50,p103488,18,37,0.07420132141469102,0.05431014380101049,10,16,0.7572921970332326,drawing_dominant,automatic_unverified
ERARA-PHYS-238,238,239,4,38,p103489,69,184,0.06111765167569264,0.043489522015540384,14,12,0.641585725020645,mixed_text_drawing,automatic_unverified
ERARA-PHYS-239,239,240,4,39,p103490,351,1715,0.06747376603186941,0.053272444617178394,35,8,0.5671730911917464,text_dominant,automatic_unverified
ERARA-PHYS-240,240,241,4,14,p103491,14,51,0.06909456581749349,0.0429213660383311,11,8,0.6502349626081783,drawing_dominant,automatic_unverified
ERARA-PHYS-241,241,242,4,11,p103492,631,2998,0.06972105345176874,0.06287985039738195,22,10,0.5071048269660507,text_dominant,automatic_unverified
ERARA-PHYS-242,242,243,4,2,p103493,65,156,0.06450828035476022,0.048363550741700026,11,17,0.6828245662854613,mixed_text_drawing,automatic_unverified
ERARA-PHYS-243,243,244,4,,p103494,84,242,0.06482780115318684,0.04345098955898395,15,17,0.6873121455941268,mixed_text_drawing,automatic_unverified
ERARA-PHYS-244,244,245,4,,p103495,52,143,0.08071139161601995,0.0638538257752844,29,24,0.8604880785413744,drawing_dominant,automatic_unverified
ERARA-PHYS-245,245,246,4,10,p103496,27,77,0.07775829827021973,0.05211547452080412,12,14,0.7397009200292585,drawing_dominant,automatic_unverified
ERARA-PHYS-246,246,247,4,000,p103497,5,11,0.05556037542392933,0.024666771827431187,9,9,0.6077322294975189,drawing_dominant,automatic_unverified
ERARA-PHYS-247,247,248,4,16,p103498,79,267,0.053922643282179765,0.017867209520826807,4,9,0.4154477782589606,mixed_text_drawing,automatic_unverified
ERARA-PHYS-248,248,249,4,48,p103499,643,3042,0.11085079664076603,0.11092535907699552,183,9,0.6599999999999999,text_dominant,automatic_unverified
ERARA-PHYS-249,249,250,4,68,p103500,12,24,0.06664718715910861,0.03148667601683029,5,12,0.6062604937691674,drawing_dominant,automatic_unverified
ERARA-PHYS-250,250,251,4,2,p103501,79,298,0.1304803390628679,0.10936347225492504,22,28,0.8809584091444227,mixed_text_drawing,automatic_unverified
ERARA-PHYS-251,251,252,4,2,p103502,60,185,0.05737271667314419,0.022708900116595414,3,11,0.4740021236357686,mixed_text_drawing,automatic_unverified
ERARA-PHYS-252,252,253,4,52,p103503,375,1757,0.05670794226674028,0.027293161921287168,9,8,0.25939837979464214,text_dominant,automatic_unverified
ERARA-PHYS-253,253,254,4,,p103504,123,531,0.05201124736389909,0.017011637897367805,4,4,0.26288985722918556,uncertain,automatic_unverified
ERARA-PHYS-254,254,255,4,4,p103505,51,118,0.10712333046942123,0.08205108177770835,31,20,0.8922654065453409,drawing_dominant,automatic_unverified
ERARA-PHYS-255,255,256,4,55,p103506,602,2985,0.11607073455110765,0.10839875631558492,208,9,0.6573797830618662,text_dominant,automatic_unverified
ERARA-PHYS-256,256,257,4,4,p103507,31,67,0.05698134092346616,0.02847485768500949,10,12,0.6424899585084844,drawing_dominant,automatic_unverified
ERARA-PHYS-257,257,258,4,,p103508,129,543,0.06758534293767617,0.03877231443783276,29,8,0.652814026496358,mixed_text_drawing,automatic_unverified
ERARA-PHYS-258,258,259,4,3,p103509,30,144,0.06005808021348403,0.028682991915862176,18,11,0.7332515944269132,drawing_dominant,automatic_unverified
ERARA-PHYS-259,259,260,4,1,p103510,97,342,0.05548775748153906,0.018422075398367665,1,3,0.2666715300777117,uncertain,automatic_unverified
ERARA-PHYS-260,260,261,4,15,p103511,95,289,0.16498033044846577,0.15202202989771832,61,39,0.8500000000000001,mixed_text_drawing,automatic_unverified
ERARA-PHYS-261,261,262,4,53,p103512,555,2660,0.10888265544647031,0.09890135577372604,175,6,0.6418385821751881,text_dominant,automatic_unverified
ERARA-PHYS-262,262,263,4,7,p103513,25,54,0.06466453175037101,0.032816527376396155,16,10,0.7121208247020454,drawing_dominant,automatic_unverified
ERARA-PHYS-263,263,264,4,2,p103514,47,109,0.05794735608841678,0.0312504881668359,5,10,0.5266108466653487,drawing_dominant,automatic_unverified
ERARA-PHYS-264,264,265,4,,p103515,468,2355,0.08824039750768987,0.08474643110655415,145,8,0.6186759781743614,text_dominant,automatic_unverified
ERARA-PHYS-265,265,266,4,4,p103516,11,28,0.07115519800046864,0.03920565492462704,2,4,0.47994418174269116,uncertain,automatic_unverified
ERARA-PHYS-266,266,267,4,66,p103517,2,6,0.05916207710464201,0.030302911093627066,6,14,0.6422181607369399,drawing_dominant,automatic_unverified
ERARA-PHYS-267,267,268,4,1,p103518,445,2094,0.12149242129809561,0.1179246016323358,71,20,0.6599999999999999,text_dominant,automatic_unverified
ERARA-PHYS-268,268,269,4,66,p103519,23,49,0.06315045914763362,0.03655521544619732,9,19,0.7475018358019114,drawing_dominant,automatic_unverified
ERARA-PHYS-269,269,270,4,2,p103520,138,357,0.06556412653888109,0.04345098955898395,5,13,0.4024700403309689,mixed_text_drawing,automatic_unverified
ERARA-PHYS-270,270,271,4,,p103521,605,2992,0.10158929976396538,0.106801730920535,161,12,0.6547664687790573,text_dominant,automatic_unverified
ERARA-PHYS-271,271,272,4,61,p103522,14,35,0.06038819026790596,0.02471295790049207,6,10,0.5825446488132454,drawing_dominant,automatic_unverified
ERARA-PHYS-272,272,273,4,45,p103523,92,287,0.15561952835397114,0.13673396955595868,41,38,0.8559999999999999,mixed_text_drawing,automatic_unverified
ERARA-PHYS-273,273,274,4,73,p103524,767,3677,0.11669530578770601,0.13376942904006872,166,17,0.6599999999999999,text_dominant,automatic_unverified
ERARA-PHYS-274,274,275,4,74,p103525,622,2903,0.12234184152834325,0.10511666144691513,167,7,0.6520090823676793,text_dominant,automatic_unverified
ERARA-PHYS-275,275,276,4,963,p103526,28,75,0.07434659759830468,0.052707793736755354,12,20,0.8144596433395709,drawing_dominant,automatic_unverified
ERARA-PHYS-276,276,277,4,4,p103527,31,92,0.062215370018975334,0.039188013915243514,20,13,0.7989679462153746,drawing_dominant,automatic_unverified
ERARA-PHYS-277,277,278,4,3,p103528,62,178,0.06975708818245724,0.048441771459814105,9,9,0.5626367743505092,mixed_text_drawing,automatic_unverified
ERARA-PHYS-278,278,279,4,26,p103529,42,134,0.0715251423149905,0.05381878557874763,22,20,0.8640671036743143,drawing_dominant,automatic_unverified
ERARA-PHYS-279,279,280,4,3,p103530,63,180,0.09033041027247103,0.06819605386783589,21,42,0.8455935426928224,mixed_text_drawing,automatic_unverified
ERARA-PHYS-280,280,281,4,1,p103531,63,171,0.08867820613690008,0.08214398111723052,38,21,0.8684174236463772,mixed_text_drawing,automatic_unverified
ERARA-PHYS-281,281,282,4,22,p103532,42,143,0.16272401433691755,0.14671185912420134,24,29,0.956,drawing_dominant,automatic_unverified
ERARA-PHYS-282,282,283,4,3,p103533,27,94,0.044188054312848286,0.030880621615257828,12,1,0.5407424525953023,mixed_text_drawing,automatic_unverified
ERARA-PHYS-283,283,284,4,2,p103534,47,142,0.1448464827050136,0.11787407695297318,33,33,0.946,drawing_dominant,automatic_unverified
ERARA-PHYS-284,284,285,4,26,p103535,52,110,0.06507611010332046,0.03957331019796514,11,11,0.6186510626205937,drawing_dominant,automatic_unverified
ERARA-PHYS-285,285,286,4,,p103536,216,913,0.060263219557916116,0.03228149652425213,10,7,0.26756110914494846,text_dominant,automatic_unverified
ERARA-PHYS-286,286,287,4,,p103537,259,1174,0.12085309930423782,0.08501344086021505,76,23,0.6191129032258065,text_dominant,automatic_unverified
ERARA-PHYS-287,287,288,4,3,p103538,34,76,0.11621144337179186,0.0932305156581116,41,27,0.9445590256223645,drawing_dominant,automatic_unverified
ERARA-PHYS-288,288,289,4,26,p103539,330,1596,0.08637333965844403,0.06711337760910815,107,8,0.5898218906330861,text_dominant,automatic_unverified
ERARA-PHYS-289,289,290,4,13,p103540,13,49,0.08230515658111608,0.06185935169923868,18,19,0.9085928147422949,drawing_dominant,automatic_unverified
ERARA-PHYS-290,290,291,4,90,p103541,420,2033,0.10574794433902593,0.08382748260594561,151,7,0.6171722442642746,text_dominant,automatic_unverified
ERARA-PHYS-291,291,292,4,2,p103542,19,44,0.0761203987128169,0.037367553567223925,6,9,0.5906205900478019,drawing_dominant,automatic_unverified
ERARA-PHYS-292,292,293,4,,p103543,7,16,0.11025317454057891,0.08793280227147252,26,30,0.9638900400805914,drawing_dominant,automatic_unverified
ERARA-PHYS-293,293,294,4,8,p103544,27,65,0.17477685562167242,0.11811775759473848,23,59,0.986,drawing_dominant,automatic_unverified
ERARA-PHYS-294,294,295,4,8,p103545,31,66,0.16039732494099135,0.1361447678992919,23,89,0.978,drawing_dominant,automatic_unverified
ERARA-PHYS-295,295,296,4,,p103546,445,2220,0.11327032726704679,0.09990627196750762,164,14,0.6434829904922852,text_dominant,automatic_unverified
ERARA-PHYS-296,296,297,4,569,p103547,21,103,0.0700426944971537,0.052039848197343454,28,15,0.9031561152320167,drawing_dominant,automatic_unverified
ERARA-PHYS-297,297,298,4,11,p103548,59,164,0.17550501096147825,0.13414500469777638,53,37,0.9219999999999999,mixed_text_drawing,automatic_unverified
ERARA-PHYS-298,298,299,4,98,p103549,425,2007,0.07977332170880558,0.075449789965919,130,5,0.6034632926715038,text_dominant,automatic_unverified
ERARA-PHYS-299,299,300,4,2,p103550,49,124,0.08770991173943607,0.0734437241271577,23,33,0.8821806394808035,drawing_dominant,automatic_unverified
ERARA-PHYS-300,300,301,4,3,p103551,50,163,0.11596734758261693,0.1144964113889108,69,36,0.94,drawing_dominant,automatic_unverified
ERARA-PHYS-301,301,302,4,2,p103552,8,18,0.11209677419354838,0.09191982461634826,32,38,0.9704142584631154,drawing_dominant,automatic_unverified
ERARA-PHYS-302,302,303,4,40,p103553,30,94,0.13336100569259962,0.12281783681214421,98,37,0.98,drawing_dominant,automatic_unverified
ERARA-PHYS-303,303,304,4,103,p103554,298,1383,0.06694137037909112,0.04565183266619575,46,6,0.5547029989083203,text_dominant,automatic_unverified
ERARA-PHYS-304,304,305,4,15,p103555,9,17,0.07528717545239969,0.05952006294256491,27,38,0.9173964666332881,drawing_dominant,automatic_unverified
ERARA-PHYS-305,305,306,4,,p103556,2,5,0.0639641403069214,0.03790322580645161,6,14,0.6546550393579256,drawing_dominant,automatic_unverified
ERARA-PHYS-306,306,307,4,2,p103557,33,68,0.07304484657749803,0.057269866247049564,20,23,0.8877143265860812,drawing_dominant,automatic_unverified
ERARA-PHYS-307,307,308,4,107,p103558,512,2462,0.10364963503649635,0.09501608978887058,168,5,0.63548087419997,text_dominant,automatic_unverified
ERARA-PHYS-308,308,309,4,4,p103559,23,50,0.07074690432999448,0.04992112942661093,20,32,0.8956891208799088,drawing_dominant,automatic_unverified
ERARA-PHYS-309,309,310,4,4,p103560,45,175,0.06640698402756029,0.039676636392107736,3,17,0.6075569839526356,drawing_dominant,automatic_unverified
ERARA-PHYS-310,310,311,4,29,p103561,40,85,0.15143500948766603,0.12373893105629348,58,40,0.96,drawing_dominant,automatic_unverified
ERARA-PHYS-311,311,312,4,111,p103562,667,3296,0.0880817832195275,0.10688329016560709,183,6,0.6548999293619024,text_dominant,automatic_unverified
ERARA-PHYS-312,312,313,4,62,p103563,167,691,0.09019669551534225,0.08259244689221086,34,26,0.6611512767327087,mixed_text_drawing,automatic_unverified
ERARA-PHYS-313,313,314,4,,p103564,71,221,0.05690573128719073,0.03181177575947385,10,12,0.5679503699030624,mixed_text_drawing,automatic_unverified
ERARA-PHYS-314,314,315,4,43,p103565,42,115,0.06476518026565464,0.043338867805186594,26,15,0.8469181473175781,drawing_dominant,automatic_unverified
ERARA-PHYS-315,315,316,4,65,p103566,41,107,0.10579071597167584,0.08537372147915027,28,24,0.9177024533295186,drawing_dominant,automatic_unverified
ERARA-PHYS-316,316,317,4,35,p103567,134,454,0.06000948766603416,0.0390101201771031,19,11,0.5547821105290395,mixed_text_drawing,automatic_unverified
ERARA-PHYS-317,317,318,4,8,p103568,55,136,0.05789535798583792,0.028170731707317074,4,9,0.48030808729139923,mixed_text_drawing,automatic_unverified
ERARA-PHYS-318,318,319,4,,p103569,792,3988,0.11843374446552815,0.14348908918406073,87,15,0.6599999999999999,text_dominant,automatic_unverified
ERARA-PHYS-319,319,320,4,7,p103570,79,177,0.0666168371361133,0.04,8,29,0.7548229665071771,mixed_text_drawing,automatic_unverified
ERARA-PHYS-320,320,321,4,,p103571,19,45,0.0871046612508873,0.0716420853379604,18,19,0.9246009243329305,drawing_dominant,automatic_unverified
ERARA-PHYS-321,321,322,4,6,p103572,24,60,0.11720822541401774,0.0958676712973864,34,28,0.9688743712139051,drawing_dominant,automatic_unverified
ERARA-PHYS-322,322,323,4,9,p103573,66,147,0.18686748893105629,0.15294117647058825,26,83,0.9079999999999999,mixed_text_drawing,automatic_unverified
ERARA-PHYS-323,323,324,4,5,p103574,130,307,0.10912801192998979,0.09352091672553174,15,13,0.6267184378953677,mixed_text_drawing,automatic_unverified
ERARA-PHYS-324,324,325,4,124,p103575,594,2845,0.1305819101834282,0.11058665401644528,186,15,0.6599999999999999,text_dominant,automatic_unverified
ERARA-PHYS-325,325,326,4,7,p103576,17,36,0.11481045443842712,0.0943411035240562,68,35,0.9743763512211829,drawing_dominant,automatic_unverified
ERARA-PHYS-326,326,327,4,5,p103577,106,271,0.06664169098509347,0.04122564871046613,12,17,0.6017759419089924,mixed_text_drawing,automatic_unverified
ERARA-PHYS-327,327,328,4,,p103578,40,101,0.17269837532375795,0.11130994427438977,32,32,0.96,drawing_dominant,automatic_unverified
ERARA-PHYS-328,328,329,4,,p103579,450,2098,0.09566706491437674,0.08355635205097571,148,10,0.6167285760834148,text_dominant,automatic_unverified
ERARA-PHYS-329,329,330,4,9,p103580,9,15,0.08057729160012775,0.06375758543596295,10,20,0.8232779627708102,drawing_dominant,automatic_unverified
ERARA-PHYS-330,330,331,4,,p103581,2,2,0.07629819040125885,0.05783634933123525,26,19,0.9146412989056577,drawing_dominant,automatic_unverified
ERARA-PHYS-331,331,332,4,7,p103582,57,210,0.0724049051003671,0.05097242833710849,15,15,0.7283567966090484,mixed_text_drawing,automatic_unverified
ERARA-PHYS-332,332,333,4,32,p103583,189,593,0.2843334914611006,0.1801510120177103,20,60,0.6619999999999999,text_dominant,automatic_unverified
ERARA-PHYS-333,333,334,4,,p103584,164,513,0.2150445618739648,0.1452756526539948,29,85,0.712,mixed_text_drawing,automatic_unverified
ERARA-PHYS-334,334,335,4,1,p103585,44,159,0.07550850150961386,0.0349356427776895,11,12,0.6396937312438746,drawing_dominant,automatic_unverified
ERARA-PHYS-335,335,336,4,,p103586,0,0,0.052797010228166796,0.008009441384736428,3,6,0.4667905691558845,uncertain,automatic_unverified
ERARA-PHYS-336,336,337,4,,p103587,83,162,0.05549725313424426,0.02501056486829131,10,33,0.7349263788753857,mixed_text_drawing,automatic_unverified
ERARA-PHYS-337,337,338,4,,p103588,15,31,0.0724022770398482,0.03568121442125237,36,26,0.8783874417802312,drawing_dominant,automatic_unverified
ERARA-PHYS-338,338,339,,,p103589,12,24,0.5530379298121234,0.15576036866359447,0,22,0.7978947368421052,drawing_dominant,automatic_unverified
