measurement_id,drawing_id,region_id,measurement_method,reference_line,quantity,raw_value,unit,endpoint_json,algorithm,algorithm_version,confidence,human_review_required,notes
1,C1-B2-P19-ALMERICO-PLAN,C1-B2-P19-ALMERICO-PLAN-roi-main,ink_component_extent,outer extent of retained connected ink components,width_height_ratio,1.0844306738962044,pixel,"{""x"": 14, ""y"": 36, ""width"": 1400, ""height"": 1291}",deterministic_opencv_pilot,0.1.0,0.45,1,Page furniture and labels may influence this extent; it is not an architectural clear dimension.
2,C1-B2-P19-ALMERICO-PLAN,C1-B2-P19-ALMERICO-PLAN-roi-main,dominant_line_median,median of 12 longest near-horizontal versus near-vertical segments,line_span_ratio,1.1022858339628192,pixel,"{""horizontal_median_px"": 291.00346016618425, ""vertical_median_px"": 264.0}",deterministic_opencv_pilot,0.1.0,0.35,1,"Exploratory segmentation statistic, not yet a room or bay measurement."
3,C1-B2-P19-ALMERICO-PLAN,C1-B2-P19-ALMERICO-PLAN-roi-main,binary_reflection_overlap,"geometric centre, vertical reflection axis",vertical_symmetry_iou,0.2912330627441406,pixel,null,deterministic_opencv_pilot,0.1.0,0.55,1,"Sensitive to labels, stains, cropping and line loss; useful for comparison, not attribution."
4,C1-B2-P19-ALMERICO-PLAN,C1-B2-P19-ALMERICO-PLAN-roi-main,binary_reflection_overlap,"geometric centre, horizontal reflection axis",horizontal_symmetry_iou,0.15118595957756042,pixel,null,deterministic_opencv_pilot,0.1.0,0.55,1,"Sensitive to labels, stains, cropping and line loss; useful for comparison, not attribution."
5,C1-B2-P17-PALAZZO-ELEV,C1-B2-P17-PALAZZO-ELEV-roi-main,ink_component_extent,outer extent of retained connected ink components,width_height_ratio,1.5696750902527077,pixel,"{""x"": 0, ""y"": 10, ""width"": 1385, ""height"": 2174}",deterministic_opencv_pilot,0.1.0,0.45,1,Page furniture and labels may influence this extent; it is not an architectural clear dimension.
6,C1-B2-P17-PALAZZO-ELEV,C1-B2-P17-PALAZZO-ELEV-roi-main,dominant_line_median,median of 12 longest near-horizontal versus near-vertical segments,line_span_ratio,1.061694151264342,pixel,"{""horizontal_median_px"": 211.0, ""vertical_median_px"": 224.0174659167762}",deterministic_opencv_pilot,0.1.0,0.35,1,"Exploratory segmentation statistic, not yet a room or bay measurement."
7,C1-B2-P17-PALAZZO-ELEV,C1-B2-P17-PALAZZO-ELEV-roi-main,binary_reflection_overlap,"geometric centre, vertical reflection axis",vertical_symmetry_iou,0.11278697848320007,pixel,null,deterministic_opencv_pilot,0.1.0,0.55,1,"Sensitive to labels, stains, cropping and line loss; useful for comparison, not attribution."
8,C1-B2-P17-PALAZZO-ELEV,C1-B2-P17-PALAZZO-ELEV-roi-main,binary_reflection_overlap,"geometric centre, horizontal reflection axis",horizontal_symmetry_iou,0.10399340838193893,pixel,null,deterministic_opencv_pilot,0.1.0,0.55,1,"Sensitive to labels, stains, cropping and line loss; useful for comparison, not attribution."
9,C1-B1-P43-CORINTHIAN-DETAIL,C1-B1-P43-CORINTHIAN-DETAIL-roi-main,ink_component_extent,outer extent of retained connected ink components,width_height_ratio,1.5501432664756447,pixel,"{""x"": 0, ""y"": 0, ""width"": 1396, ""height"": 2164}",deterministic_opencv_pilot,0.1.0,0.45,1,Page furniture and labels may influence this extent; it is not an architectural clear dimension.
10,C1-B1-P43-CORINTHIAN-DETAIL,C1-B1-P43-CORINTHIAN-DETAIL-roi-main,dominant_line_median,median of 12 longest near-horizontal versus near-vertical segments,line_span_ratio,1.0830670926517572,pixel,"{""horizontal_median_px"": 169.5, ""vertical_median_px"": 156.5}",deterministic_opencv_pilot,0.1.0,0.35,1,"Exploratory segmentation statistic, not yet a room or bay measurement."
11,C1-B1-P43-CORINTHIAN-DETAIL,C1-B1-P43-CORINTHIAN-DETAIL-roi-main,binary_reflection_overlap,"geometric centre, vertical reflection axis",vertical_symmetry_iou,0.09294646233320236,pixel,null,deterministic_opencv_pilot,0.1.0,0.55,1,"Sensitive to labels, stains, cropping and line loss; useful for comparison, not attribution."
12,C1-B1-P43-CORINTHIAN-DETAIL,C1-B1-P43-CORINTHIAN-DETAIL-roi-main,binary_reflection_overlap,"geometric centre, horizontal reflection axis",horizontal_symmetry_iou,0.06157609075307846,pixel,null,deterministic_opencv_pilot,0.1.0,0.55,1,"Sensitive to labels, stains, cropping and line loss; useful for comparison, not attribution."
