ratio_hypothesis_id,measurement_id,rank,measured_ratio,target_label,target_value,deviation_percent,target_origin,within_pilot_tolerance
1,1,1,1.0844306738962044,1:1,1.0,8.44306738962044,Palladio I.21,0
2,1,2,1.0844306738962044,6:5,1.2,9.630777175316297,exploratory,0
3,1,3,1.0844306738962044,5:4,1.25,13.245546088303648,exploratory,0
4,1,4,1.0844306738962044,4:3,1.3333333333333333,18.667699457784664,Palladio I.21,0
5,2,1,1.1022858339628192,6:5,1.2,8.142847169765064,exploratory,0
6,2,2,1.1022858339628192,1:1,1.0,10.22858339628192,Palladio I.21,0
7,2,3,1.1022858339628192,5:4,1.25,11.817133282974464,exploratory,0
8,2,4,1.1022858339628192,4:3,1.3333333333333333,17.328562452788553,Palladio I.21,0
9,5,1,1.5696750902527077,3:2,1.5,4.645006016847178,Palladio I.21,0
10,5,2,1.5696750902527077,5:3,1.6666666666666667,5.8194945848375434,Palladio I.21,0
11,5,3,1.5696750902527077,sqrt(2):1,1.4142135623730951,10.992790057729552,Palladio I.21,0
12,5,4,1.5696750902527077,4:3,1.3333333333333333,17.725631768953082,Palladio I.21,0
13,6,1,1.061694151264342,1:1,1.0,6.169415126434208,Palladio I.21,0
14,6,2,1.061694151264342,6:5,1.2,11.525487394638157,exploratory,0
15,6,3,1.061694151264342,5:4,1.25,15.064467898852635,exploratory,0
16,6,4,1.061694151264342,4:3,1.3333333333333333,20.372938655174337,Palladio I.21,0
17,9,1,1.5501432664756447,3:2,1.5,3.3428844317096473,Palladio I.21,1
18,9,2,1.5501432664756447,5:3,1.6666666666666667,6.991404011461322,Palladio I.21,0
19,9,3,1.5501432664756447,sqrt(2):1,1.4142135623730951,9.611681553559366,Palladio I.21,0
20,9,4,1.5501432664756447,4:3,1.3333333333333333,16.26074498567336,Palladio I.21,0
21,10,1,1.0830670926517572,1:1,1.0,8.306709265175716,Palladio I.21,0
22,10,2,1.0830670926517572,6:5,1.2,9.7444089456869,exploratory,0
23,10,3,1.0830670926517572,5:4,1.25,13.354632587859427,exploratory,0
24,10,4,1.0830670926517572,4:3,1.3333333333333333,18.76996805111821,Palladio I.21,0
