rule_id,evidence_class,status,building_type,design_phase,category,subcategory,rule_text_de,condition_text_de,exception_text_de,purpose_text_de,reasoning_de,confidence,ratio_json,dimension_json,unit,notes
A-CMP-LOG-001,A,pilot,private_house,overall_composition,loggia,placement,"Loggien werden gewöhnlich an Vorder- und Rückseite angeordnet; eine einzelne liegt mittig, zwei liegen seitlich.",Wenn eine oder zwei Loggien vorgesehen sind.,,,,,null,null,,
A-DIM-LOG-002,A,pilot,private_house,dimensioning,loggia,width,Loggien sollen in der Regel nicht schmaler als 10 Fuß und nicht breiter als 20 Fuß sein.,Die konkrete Größe richtet sich nach Größe und Bedarf des Gebäudes.,,,,,null,"{""minimum"": 10, ""maximum"": 20, ""quantity"": ""width""}",piede,
A-ORG-CEN-001,A,pilot,private_house,space_organization,central_space,distribution,"Ein wohlgeordnetes Haus besitzt in seiner Mitte und schönsten Zone einen Raum, auf den alle übrigen Räume antworten und münden.",,,,,,null,null,,
A-DIM-HALL-001,A,pilot,private_house,proportioning,hall,plan_ratio,"Die Länge einer Sala soll zwei aus ihrer Breite gebildete Quadrate nicht überschreiten; je näher sie dem Quadrat kommt, desto lobenswerter und bequemer ist sie.",,,,,,"{""maximum_length_width"": ""2:1"", ""preferred_direction"": ""toward_1:1""}",null,,
A-ORG-SYM-001,A,pilot,private_house,space_organization,symmetry,bilateral_rooms,"Räume sind beidseits von Eingang und Sala so zu verteilen, dass rechts und links einander entsprechen und gleich sind.",,,Gleiche Lastabtragung beider Gebäudeseiten und Vermeidung späterer Schäden.,,,null,null,,
A-PROP-ROOM-001,A,pilot,private_house,proportioning,room_proportion,approved_plan_forms,"Als die sieben schönsten und am besten proportionierten Raumformen gelten: Kreis, Quadrat, Quadrat mit Diagonale als Länge, 4:3, 3:2, 5:3 und 2:1.",,,,,,"{""allowed"": [""circle"", ""1:1"", ""sqrt(2):1"", ""4:3"", ""3:2"", ""5:3"", ""2:1""]}",null,,
A-HT-ROOM-001,A,pilot,private_house,vertical_dimensioning,room_height,flat_ceiling,Bei flach gedeckten Räumen entspricht die lichte Höhe vom Fußboden bis zur Balkenlage der Raumbreite.,,,,,,"{""height_width"": ""1:1""}",null,,
A-HT-STORY-001,A,pilot,private_house,vertical_dimensioning,storey_height,upper_storey,Die Räume des Obergeschosses sind um ein Sechstel niedriger als die darunterliegenden.,,,,,,"{""upper_to_lower_height"": ""5:6""}",null,,
A-HT-VAULT-001,A,pilot,private_house,vertical_dimensioning,vault_height,square_room,"Bei einem quadratischen, gewölbten Raum beträgt die Höhe die Breite zuzüglich eines Drittels.",,,,,,"{""height_width"": ""4:3""}",null,,
A-HT-VAULT-002,A,pilot,private_house,vertical_dimensioning,vault_height,arithmetic_mean,Für längliche Räume kann die Gewölbehöhe als arithmetisches Mittel aus Länge und Breite bestimmt werden: h=(L+B)/2.,,,,,,"{""formula"": ""h=(length+width)/2""}",null,,
A-HT-VAULT-003,A,pilot,private_house,vertical_dimensioning,vault_height,geometric_mean,Alternativ kann die Gewölbehöhe als geometrisches Mittel aus Länge und Breite bestimmt werden: h=sqrt(L·B).,,,,,,"{""formula"": ""h=sqrt(length*width)""}",null,,
A-HT-VAULT-004,A,pilot,private_house,vertical_dimensioning,vault_height,harmonic_mean,Als dritte und niedrigste proportionale Gewölbehöhe kann das harmonische Mittel bestimmt werden: h=2LB/(L+B).,,,,,,"{""formula"": ""h=2*length*width/(length+width)""}",null,,
A-HT-VAULT-005,A,pilot,private_house,vertical_dimensioning,vault_height,selection,"Unter den drei proportionalen Höhen darf so gewählt werden, dass verschieden große Räume gleich hohe Gewölbe und damit einen durchgehenden Oberboden erhalten.",,,Gleiche Gewölbescheitel und ein einheitliches Fußbodenniveau darüber.,,,null,null,,
A-DIM-DOOR-001,A,pilot,private_house,openings,door,room_door_dimensions,"Zimmertüren sollen zwischen 2 und 3 Fuß breit und zwischen 5 und 6,5 Fuß hoch sein.",,,,,,null,"{""width_min"": 2, ""width_max"": 3, ""height_min"": 5, ""height_max"": 6.5}",piede,
A-DIM-WIN-001,A,pilot,private_house,openings,window,width,Die Fensterbreite soll zwischen einem Fünftel und einem Viertel der Raumbreite liegen.,,,Ausgleich von Lichtbedarf und thermischer Belastung.,,,"{""window_width_to_room_width"": {""minimum"": ""1:5"", ""maximum"": ""1:4""}}",null,,
A-DIM-WIN-002,A,pilot,private_house,openings,window,height,"Die Fensterhöhe beträgt zwei Fensterbreiten zuzüglich eines Sechstels der Fensterbreite, also 13/6 der Breite.",,,,,,"{""window_height_to_width"": ""13:6""}",null,,
A-DIM-WIN-003,A,pilot,private_house,openings,window,storey_reduction,Fenster jedes höheren Geschosses sind in der lichten Höhe jeweils um ein Sechstel gegenüber dem darunterliegenden Geschoss zu vermindern.,,,,,,"{""upper_to_lower_window_height"": ""5:6""}",null,,
A-ORG-OPEN-001,A,pilot,private_house,openings,opening_alignment,bilateral_and_vertical,Fenster rechts und links müssen einander entsprechen; obere Fenster und Türen müssen jeweils lotrecht über den unteren liegen.,,,"Voll über Voll und Öffnung über Öffnung; zugleich Durchsicht, Schönheit, sommerliche Kühlung und weitere Bequemlichkeiten.",,,null,null,,
A-LOC-WIN-001,A,pilot,private_house,openings,window,corner_distance,Fenster sind von den Gebäudeecken abzurücken.,,,Die für den Zusammenhalt des Gebäudes tragende Ecke darf nicht geöffnet und geschwächt werden.,,,null,null,,
A-DIM-JAMB-001,A,pilot,private_house,openings,jamb,thickness,Tür- und Fenstergewände sollen zwischen einem Sechstel und einem Fünftel der lichten Öffnungsbreite stark sein.,,,,,,"{""jamb_to_opening_width"": {""minimum"": ""1:6"", ""maximum"": ""1:5""}}",null,,
B-SYS-MOD-001,B,pilot,private_house,proportioning,module_hierarchy,room_width,"Im untersuchten Abschnitt fungiert die Raumbreite als primäre Bezugsgröße, aus der Grundrisslänge, Raumhöhe und Fensterbreite abgeleitet werden.",,,,"Palladio formuliert diese Beziehungen einzeln, nennt die Raumbreite jedoch nicht ausdrücklich ein übergeordnetes Modul. Die modulare Hierarchie ist daher eine Synthese, keine wörtliche Aussage.",0.92,null,null,,
B-SYS-GRID-001,B,pilot,private_house,openings,opening_grid,two_axis_grid,Die Kombination aus seitlicher Korrespondenz und vertikaler Übereinanderstellung erzeugt ein zweiachsiges Raster der Öffnungen.,,,,Beide Ausrichtungen sind explizit vorgeschrieben. Der Begriff eines zweiachsigen Rasters und seine Zusammenfassung als ein System sind rekonstruiert.,0.96,null,null,,
B-SYS-VAULT-001,B,pilot,private_house,vertical_dimensioning,vault_system,coordinated_room_series,Die drei Mittelwerte bilden ein Auswahlverfahren zur Koordination einer Serie verschieden proportionierter Räume unter einer gemeinsamen oberen Fußbodenebene.,,,,Palladio nennt die drei Höhen und ihren praktischen Auswahlzweck ausdrücklich; ihre Interpretation als systematisches Auswahlverfahren für eine Raumserie ist eine formale Rekonstruktion.,0.94,null,null,,
B-SEQ-ROOM-001,B,pilot,private_house,decision_sequence,design_sequence,room_to_opening,"Für den Pilotabschnitt ist als wahrscheinliche Entscheidungsfolge rekonstruierbar: Zentral- und Verteilerraum festlegen, Räume bilateral ordnen, Raumproportionen wählen, Höhen koordinieren, anschließend Öffnungen dimensionieren und ausrichten.",,,,"Die Reihenfolge folgt der sachlichen Abhängigkeit der Formeln und der Kapitelanordnung XXI, XXIII und XXV. Palladio bezeichnet sie nicht ausdrücklich als Entwurfsalgorithmus; Kapitelreihenfolge allein ist keine sichere Prozesschronologie.",0.68,null,null,,
