rule_source_id,rule_id,source_work,book,chapter,printed_page,pdf_page,quotation_original,translation_de,transcription_status
1,A-CMP-LOG-001,I quattro libri dell'architettura (Venetia 1570),1,XXI,52,57,"Si sogliono far le loggie per lo più nella faccia davanti, & in quella di dietro della casa: e si fanno nel mezo, facendone una sola: ò dalle bande facendone due.","Loggien werden meist an der Vorder- und Rückseite des Hauses angelegt; bei einer liegt sie in der Mitte, bei zweien an den Seiten.",checked_against_scan
2,A-DIM-LOG-002,I quattro libri dell'architettura (Venetia 1570),1,XXI,52,57,"si fanno e maggiori, e minori come ricerca la grandezza, e il commodo della fabrica: ma per il più non si faranno meno larghe di dieci piedi, nè più di venti.","Sie werden größer oder kleiner, wie Größe und Bedarf des Gebäudes es verlangen; meist sollen sie jedoch nicht unter zehn und nicht über zwanzig Fuß breit sein.",checked_against_scan
3,A-ORG-CEN-001,I quattro libri dell'architettura (Venetia 1570),1,XXI,52,57,"Hanno oltra di ciò tutte le case bene ordinate nel mezo, & nella più bella parte loro alcuni luoghi: ne' quali rispondono, & riescono tutti gli altri.","Darüber hinaus besitzen alle wohlgeordneten Häuser in ihrer Mitte und in ihrem schönsten Teil Räume, auf die alle übrigen bezogen sind und in die sie münden.",checked_against_scan
4,A-DIM-HALL-001,I quattro libri dell'architettura (Venetia 1570),1,XXI,52,57,"Io son solito non eccedere nella lunghezza delle Sale due quadri: i quali si facciano dalla larghezza: ma quanto più si approssimeranno al quadrato, tanto più saranno lodevoli, & commode.","Ich pflege bei der Länge der Säle zwei aus der Breite gebildete Quadrate nicht zu überschreiten; je näher sie dem Quadrat kommen, desto lobenswerter und bequemer sind sie.",checked_against_scan
5,A-ORG-SYM-001,I quattro libri dell'architettura (Venetia 1570),1,XXI,52,57,"Le Stanze deono essere compartite dall'una, e l'altra parte dell'entrata, e della Sala: e si deve avertire, che quelle dalla parte destra rispondino, e siano uguali à quelle dalla sinistra: accioche la fabrica sia così in una parte come nell'altra: & i muri sentano il carico del coperto ugualmente.","Die Räume sind auf beiden Seiten des Eingangs und des Saales zu verteilen; die rechts gelegenen sollen den linken entsprechen und gleich sein, damit das Gebäude auf beiden Seiten gleich ist und die Mauern die Dachlast gleichmäßig aufnehmen.",checked_against_scan
6,A-PROP-ROOM-001,I quattro libri dell'architettura (Venetia 1570),1,XXI,52,57,"Le più belle e proportionate maniere di stanze, e che riescono meglio sono sette: percioche ò si faranno ritonde, e queste di rado: ò quadrate; ò la lunghezza loro sarà per la linea diagonale del quadrato della larghezza; ò d'un quadro & un terzo; ò d'un quadro e mezo; ò d'un quadro, e due terzi; ò di due quadri.","Die schönsten, wohlproportioniertesten und am besten gelingenden Raumformen sind sieben: rund - dies selten -, quadratisch, mit der Diagonale des Breitenquadrats als Länge, ein Quadrat und ein Drittel, ein Quadrat und die Hälfte, ein Quadrat und zwei Drittel oder zwei Quadrate.",checked_against_scan
7,A-HT-ROOM-001,I quattro libri dell'architettura (Venetia 1570),1,XXIII,53,58,Se in solaro; l'altezza dal pavimento alla travatura sarà quanto la loro larghezza.,Bei einer Balkendecke ist die Höhe vom Fußboden bis zur Balkenlage so groß wie die Raumbreite.,checked_against_scan
8,A-HT-STORY-001,I quattro libri dell'architettura (Venetia 1570),1,XXIII,53,58,e le stanze di sopra saranno per la sesta parte meno alte di quelle di sotto.,Die oberen Räume sollen um ein Sechstel niedriger sein als die unteren.,checked_against_scan
9,A-HT-VAULT-001,I quattro libri dell'architettura (Venetia 1570),1,XXIII,53,58,l'altezze de' volti nelle stanze quadre si faranno aggiunta la terza parte alla larghezza della stanza.,Die Gewölbehöhen quadratischer Räume werden aus der Raumbreite zuzüglich ihres Drittels gebildet.,checked_against_scan
10,A-HT-VAULT-002,I quattro libri dell'architettura (Venetia 1570),1,XXIII,53,58,"si ritroverà ponendo la larghezza appresso la lunghezza, e dividendo il tutto in due parti uguali: percioche una di quelle metà sarà l'altezza del volto.","Man findet sie, indem man Breite und Länge zusammenstellt und die Summe in zwei gleiche Teile teilt; eine Hälfte ist die Gewölbehöhe.",checked_against_scan
11,A-HT-VAULT-003,I quattro libri dell'architettura (Venetia 1570),1,XXIII,53,58,"troveremo un numero c'habbia quella proportione alla larghezza, che la lunghezza haverà à lui: e lo ritroveremo moltiplicando il minore estremo co'l maggiore: perche la radice quadrata di quello che procederà da detta moltiplicatione sarà l'altezza che cerchiamo.","Wir suchen eine Zahl, die zur Breite im selben Verhältnis steht wie die Länge zu ihr; die Quadratwurzel aus dem Produkt der Extreme ist die gesuchte Höhe.",checked_against_scan
12,A-HT-VAULT-004,I quattro libri dell'architettura (Venetia 1570),1,XXIII,54,59,"Si può ancho ritrovare un'altra altezza, che sarà minore: ma nondimeno proportionata alla stanza [...].","Man kann noch eine andere, niedrigere, aber dennoch zum Raum proportionierte Höhe finden [es folgt die geometrische und numerische Konstruktion].",checked_against_scan
13,A-HT-VAULT-005,I quattro libri dell'architettura (Venetia 1570),1,XXIII,54,59,"ci serviremo di ciascuna di queste altezze, secondo che tornerà bene per far che più stanze di diverse grandezze habbiano i volti egualmente alti, e nondimeno detti volti siano proportionati à quelle: dal che ne risulterà e bellezza all'occhio, e commodità per il suolo, ò pavimento che andarà loro sopra: perche verrà ad esser tutto uguale.","Wir verwenden jede dieser Höhen so, wie es sich eignet, damit mehrere verschieden große Räume gleich hohe, dennoch jeweils proportionierte Gewölbe erhalten; daraus entstehen Schönheit und ein einheitlicher Boden darüber.",checked_against_scan
14,A-DIM-DOOR-001,I quattro libri dell'architettura (Venetia 1570),1,XXV,55,60,"Le porte delle stanze non si faranno più larghe di tre piedi, & alte sei, e mezo; nè meno di due piedi in larghezza, e cinque in altezza.","Zimmertüren werden nicht breiter als drei Fuß und nicht höher als sechseinhalb, aber auch nicht schmaler als zwei und nicht niedriger als fünf Fuß ausgeführt.",checked_against_scan
15,A-DIM-WIN-001,I quattro libri dell'architettura (Venetia 1570),1,XXV,55,60,non si faranno finestre più larghe della quarta parte della larghezza delle stanze: nè più strette della quinta.,Fenster sollen nicht breiter als ein Viertel und nicht schmaler als ein Fünftel der Raumbreite sein.,checked_against_scan
16,A-DIM-WIN-002,I quattro libri dell'architettura (Venetia 1570),1,XXV,55,60,"e si faranno alte due quadri, e di più la sesta parte della larghezza loro.","Sie werden zwei Breiten hoch ausgeführt, zuzüglich eines Sechstels ihrer Breite.",checked_against_scan
17,A-DIM-WIN-003,I quattro libri dell'architettura (Venetia 1570),1,XXV,55,60,"Le finestre di sopra, cioè quelle del secondo ordine deono essere la sesta parte minori della lunghezza della luce di quelle di sotto, e se altre finestre più di sopra si faranno similmente per la sesta parte si deono diminuire.",Die Fenster des zweiten Rangs sollen in ihrer lichten Höhe um ein Sechstel kleiner sein als die unteren; weitere Fenster darüber sind ebenso jeweils um ein Sechstel zu vermindern.,checked_against_scan
18,A-ORG-OPEN-001,I quattro libri dell'architettura (Venetia 1570),1,XXV,55,60,"Debbono le finestre da man destra corrispondere à quelle da man sinistra: e quelle di sopra essere al diritto di quelle di sotto: e le porte similmente tutte essere al diritto una sopra l'altra: accioche sopra il vano sia il vano, e sopra il pieno sia il pieno: & ancho rincontrarsi acciò che stando in una parte della casa, si possa vedere fin dall'altra: il che apporta vaghezza, e fresco la Estate, & altri commodi.","Rechte und linke Fenster müssen korrespondieren; obere Fenster und Türen müssen über den unteren liegen, damit Öffnung über Öffnung und Voll über Voll steht und Durchsicht, Schönheit sowie sommerliche Frische entstehen.",checked_against_scan
19,A-LOC-WIN-001,I quattro libri dell'architettura (Venetia 1570),1,XXV,55,60,"Deono le finestre allontanarsi da gli angoli, ò cantoni della fabrica [...] percioche non deve essere aperta, & indebolita quella parte, la quale ha da tener diritto, & insieme tutto'l restante dell'Edificio.","Fenster müssen von den Ecken des Gebäudes entfernt bleiben, weil jener Teil, der den gesamten Bau zusammenhält, nicht geöffnet und geschwächt werden darf.",checked_against_scan
20,A-DIM-JAMB-001,I quattro libri dell'architettura (Venetia 1570),1,XXV,55,60,"Le Pilastrate, overo Erte delle porte, e delle finestre non vogliono essere nè meno grosse della sesta parte della larghezza della luce, nè più della quinta.",Die Gewände der Türen und Fenster sollen nicht dünner als ein Sechstel und nicht stärker als ein Fünftel der lichten Breite sein.,checked_against_scan
21,B-SYS-MOD-001,I quattro libri dell'architettura (Venetia 1570),1,XXI-XXV,52-55,57,la lunghezza loro sarà [...] del quadrato della larghezza [...] l'altezza [...] sarà quanto la loro larghezza [...] finestre [...] della larghezza delle stanze,"Die Länge, Höhe und Fensterbreite werden in mehreren Regeln auf die Raumbreite bezogen.",checked_against_scan
22,B-SYS-GRID-001,I quattro libri dell'architettura (Venetia 1570),1,XXV,55,60,le finestre da man destra corrispondere à quelle da man sinistra: e quelle di sopra essere al diritto di quelle di sotto,"Die rechten Fenster entsprechen den linken, und die oberen liegen über den unteren.",checked_against_scan
23,B-SYS-VAULT-001,I quattro libri dell'architettura (Venetia 1570),1,XXIII,53-54,58,ci serviremo di ciascuna di queste altezze [...] per far che più stanze di diverse grandezze habbiano i volti egualmente alti,"Jede dieser Höhen kann genutzt werden, damit verschieden große Räume gleich hohe Gewölbe erhalten.",checked_against_scan
24,B-SEQ-ROOM-001,I quattro libri dell'architettura (Venetia 1570),1,"XXI, XXIII, XXV",52-55,57,"DELLE LOGGIE [...] E DELLE STANZE [...] DELL'ALTEZZA DELLE STANZE [...] DELLE MISURE DELLE PORTE, E DELLE finestre",Kapitelabfolge von Raumordnung über Höhen zu Türen und Fenstern.,checked_against_scan
